-- MySQL dump 10.13  Distrib 5.7.21, for Linux (x86_64)
--
-- Host: localhost    Database: test
-- ------------------------------------------------------
-- Server version	5.7.21-log

/*!40101 SET @OLD_CHARACTER_SET_CLIENT=@@CHARACTER_SET_CLIENT */;
/*!40101 SET @OLD_CHARACTER_SET_RESULTS=@@CHARACTER_SET_RESULTS */;
/*!40101 SET @OLD_COLLATION_CONNECTION=@@COLLATION_CONNECTION */;
/*!40101 SET NAMES utf8 */;
/*!40103 SET @OLD_TIME_ZONE=@@TIME_ZONE */;
/*!40103 SET TIME_ZONE='+00:00' */;
/*!40014 SET @OLD_UNIQUE_CHECKS=@@UNIQUE_CHECKS, UNIQUE_CHECKS=0 */;
/*!40014 SET @OLD_FOREIGN_KEY_CHECKS=@@FOREIGN_KEY_CHECKS, FOREIGN_KEY_CHECKS=0 */;
/*!40101 SET @OLD_SQL_MODE=@@SQL_MODE, SQL_MODE='NO_AUTO_VALUE_ON_ZERO' */;
/*!40111 SET @OLD_SQL_NOTES=@@SQL_NOTES, SQL_NOTES=0 */;

--
-- Table structure for table `authors`
--

DROP TABLE IF EXISTS `authors`;
/*!40101 SET @saved_cs_client     = @@character_set_client */;
/*!40101 SET character_set_client = utf8 */;
CREATE TABLE `authors` (
  `id` int(11) NOT NULL AUTO_INCREMENT,
  `name` varchar(255) NOT NULL,
  PRIMARY KEY (`id`)
) ENGINE=InnoDB AUTO_INCREMENT=3 DEFAULT CHARSET=utf8;
/*!40101 SET character_set_client = @saved_cs_client */;

--
-- Dumping data for table `authors`
--

LOCK TABLES `authors` WRITE;
/*!40000 ALTER TABLE `authors` DISABLE KEYS */;
INSERT INTO `authors` VALUES (1,'test author'),(2,'Test author 2');
/*!40000 ALTER TABLE `authors` ENABLE KEYS */;
UNLOCK TABLES;

--
-- Table structure for table `authors_books`
--

DROP TABLE IF EXISTS `authors_books`;
/*!40101 SET @saved_cs_client     = @@character_set_client */;
/*!40101 SET character_set_client = utf8 */;
CREATE TABLE `authors_books` (
  `book_id` int(11) NOT NULL,
  `author_id` int(11) NOT NULL
) ENGINE=InnoDB DEFAULT CHARSET=utf8;
/*!40101 SET character_set_client = @saved_cs_client */;

--
-- Dumping data for table `authors_books`
--

LOCK TABLES `authors_books` WRITE;
/*!40000 ALTER TABLE `authors_books` DISABLE KEYS */;
INSERT INTO `authors_books` VALUES (1,1),(2,1),(3,1),(3,1),(3,1),(3,1),(3,1),(3,1),(3,1),(3,1),(3,1),(3,1),(3,1),(3,1),(3,1),(3,1),(3,1),(3,1),(3,1),(3,1),(3,1),(3,1),(3,1),(3,1),(3,1),(3,1),(3,1),(3,1),(3,1),(3,1),(3,1),(3,1),(3,1),(3,1),(3,1),(3,1),(3,1),(3,1),(3,1),(3,1),(3,1),(3,1),(3,1),(3,1),(3,1),(3,1),(3,1),(3,1),(3,1),(3,1),(3,1),(3,1),(3,1),(3,1),(3,1),(3,1),(3,1),(3,1),(3,1),(3,1),(3,1),(3,1),(3,1),(3,1),(3,1),(3,1),(3,1),(3,1),(3,1),(3,1),(3,1),(3,1),(3,1),(3,1),(3,1),(3,1),(3,1),(3,1),(3,1),(3,1),(3,1),(3,1),(3,1),(3,1),(3,1),(3,1),(3,1),(3,1),(3,1),(3,1),(3,1),(3,1),(3,1),(3,1),(3,1),(3,1),(3,1),(3,1),(3,1),(3,1),(3,1),(3,1),(3,1),(3,1),(3,1),(3,1),(3,1),(3,1),(3,1),(3,1),(3,1),(3,1),(3,1),(3,1),(3,1),(3,1),(3,1),(3,1),(3,1),(3,1),(3,1),(3,1),(3,1),(3,1),(3,1),(3,1),(3,1),(3,1),(3,1),(3,1),(3,1),(3,1),(3,1),(3,1),(3,1),(3,1),(3,1),(3,1),(3,1),(1,2),(3,1),(3,1),(3,1),(3,1),(3,1),(3,1),(3,1),(3,1),(3,1),(3,1),(3,1),(3,1),(3,1),(3,1),(3,1),(3,1),(3,1),(3,1),(3,1),(3,1),(3,1),(3,1),(3,1),(3,1),(3,1),(3,1),(3,1),(3,1),(3,1),(3,1),(3,1),(3,1),(3,1),(3,1),(3,1),(3,1),(3,1),(3,1),(3,1),(3,1),(3,1),(3,1),(3,1),(3,1),(3,1),(3,1),(3,1),(3,1),(3,1),(3,1),(3,1),(3,1),(3,1),(3,1),(3,1),(3,1),(3,1),(3,1),(3,1),(3,1),(3,1),(3,1),(3,1),(3,1),(3,1),(3,1),(3,1),(3,1),(3,1),(3,1),(3,1),(3,1),(3,1),(3,1),(3,1),(3,1),(5,1),(7,1),(9,1),(11,1);
/*!40000 ALTER TABLE `authors_books` ENABLE KEYS */;
UNLOCK TABLES;

--
-- Table structure for table `books`
--

DROP TABLE IF EXISTS `books`;
/*!40101 SET @saved_cs_client     = @@character_set_client */;
/*!40101 SET character_set_client = utf8 */;
CREATE TABLE `books` (
  `id` int(11) NOT NULL AUTO_INCREMENT,
  `title` varchar(255) NOT NULL,
  `price` float DEFAULT NULL,
  `data_binary` text NOT NULL,
  `data` varchar(255) NOT NULL,
  PRIMARY KEY (`id`)
) ENGINE=InnoDB AUTO_INCREMENT=12 DEFAULT CHARSET=utf8;
/*!40101 SET character_set_client = @saved_cs_client */;

--
-- Dumping data for table `books`
--

LOCK TABLES `books` WRITE;
/*!40000 ALTER TABLE `books` DISABLE KEYS */;
INSERT INTO `books` VALUES (1,'test book',1.2,'',''),(2,'test book 2',NULL,'',''),(3,'test book 3',15.22,'',''),(4,'Test',10,'{\"binary test\":\"binary test\",\"new binary test\":\"new binary test\"}','{\"test\":\"test\",\"new test\":\"new test\"}'),(5,'some title',15.22,'null','null'),(6,'Test',10,'{\"binary test\":\"binary test\",\"new binary test\":\"new binary test\"}','{\"test\":\"test\",\"new test\":\"new test\"}'),(7,'some title',15.22,'null','null'),(8,'Test',10,'{\"binary test\":\"binary test\",\"new binary test\":\"new binary test\"}','{\"test\":\"test\",\"new test\":\"new test\"}'),(9,'some title',15.22,'null','null'),(10,'Test',10,'{\"binary test\":\"binary test\",\"new binary test\":\"new binary test\"}','{\"test\":\"test\",\"new test\":\"new test\"}'),(11,'some title',15.22,'null','null');
/*!40000 ALTER TABLE `books` ENABLE KEYS */;
UNLOCK TABLES;

--
-- Table structure for table `books_theme`
--

DROP TABLE IF EXISTS `books_theme`;
/*!40101 SET @saved_cs_client     = @@character_set_client */;
/*!40101 SET character_set_client = utf8 */;
CREATE TABLE `books_theme` (
  `book_id` int(11) NOT NULL,
  `theme_id` int(11) NOT NULL
) ENGINE=InnoDB DEFAULT CHARSET=utf8;
/*!40101 SET character_set_client = @saved_cs_client */;

--
-- Dumping data for table `books_theme`
--

LOCK TABLES `books_theme` WRITE;
/*!40000 ALTER TABLE `books_theme` DISABLE KEYS */;
INSERT INTO `books_theme` VALUES (1,1),(1,2),(1,3),(2,2),(2,3),(3,1),(3,3),(3,1),(3,1),(3,1),(3,1),(3,1),(3,1),(3,1),(3,1),(3,1),(3,1),(3,1),(3,1),(3,1),(3,1),(3,1),(3,1),(3,1),(3,1),(3,1),(3,1),(3,1),(3,1),(3,1),(3,1),(3,1),(3,1),(3,1),(3,1),(3,1),(3,1),(3,1),(3,1),(3,1),(3,1),(3,1),(3,1),(3,1),(3,1),(3,1),(3,1),(3,1),(3,1),(3,1),(3,1),(3,1),(3,1),(3,1),(3,1),(3,1),(3,1),(3,1),(3,1),(3,1),(3,1),(3,1),(3,1),(3,1),(3,1),(3,1),(3,1),(3,1),(3,1),(3,1),(3,1),(3,1),(3,1),(3,1),(3,1),(3,1),(3,1),(3,1),(3,1),(3,1),(3,1),(3,1),(3,1),(3,1),(3,1),(3,1),(3,1),(3,1),(3,1),(3,1),(3,1),(3,1),(3,1),(3,1),(3,1),(3,1),(3,1),(3,1),(3,1),(3,1),(3,1),(3,1),(3,1),(3,1),(3,1),(3,1),(3,1),(3,1),(3,1),(3,1),(3,1),(3,1),(3,1),(3,1),(3,1),(3,1),(3,1),(3,1),(3,1),(3,1),(3,1),(3,1),(3,1),(3,1),(3,1),(3,1),(3,1),(3,1),(3,1),(3,1),(3,1),(3,1),(3,1),(3,1),(3,1),(3,1),(3,1),(3,1),(3,1),(3,1),(3,1),(3,1),(3,1),(3,1),(3,1),(3,1),(3,1),(3,1),(3,1),(3,1),(3,1),(3,1),(3,1),(3,1),(3,1),(3,1),(3,1),(3,1),(3,1),(3,1),(3,1),(3,1),(3,1),(3,1),(3,1),(3,1),(3,1),(3,1),(3,1),(3,1),(3,1),(3,1),(3,1),(3,1),(3,1),(3,1),(3,1),(3,1),(3,1),(3,1),(3,1),(3,1),(3,1),(3,1),(3,1),(3,1),(3,1),(3,1),(3,1),(3,1),(3,1),(3,1),(3,1),(3,1),(3,1),(3,1),(3,1),(3,1),(3,1),(3,1),(3,1),(3,1),(3,1),(3,1),(3,1),(3,1),(3,1),(3,1),(3,1),(3,1),(3,1),(3,1),(2,1),(3,1),(3,1),(3,1),(3,1),(3,1),(3,1),(3,1),(5,1),(7,1),(9,1),(11,1);
/*!40000 ALTER TABLE `books_theme` ENABLE KEYS */;
UNLOCK TABLES;

--
-- Table structure for table `categorization`
--

DROP TABLE IF EXISTS `categorization`;
/*!40101 SET @saved_cs_client     = @@character_set_client */;
/*!40101 SET character_set_client = utf8 */;
CREATE TABLE `categorization` (
  `category_id` int(11) NOT NULL,
  `post_id` int(11) NOT NULL
) ENGINE=InnoDB DEFAULT CHARSET=utf8;
/*!40101 SET character_set_client = @saved_cs_client */;

--
-- Dumping data for table `categorization`
--

LOCK TABLES `categorization` WRITE;
/*!40000 ALTER TABLE `categorization` DISABLE KEYS */;
INSERT INTO `categorization` VALUES (1,5),(1,5),(1,8),(1,8),(1,11),(1,11),(1,14),(1,14),(1,17),(1,17),(1,20),(1,20),(1,23),(1,23),(1,26),(1,26),(1,29),(1,29),(1,32),(1,32),(1,35),(1,35),(1,38),(1,38),(1,41),(1,41),(1,44),(1,44),(1,44),(1,44),(1,47),(1,47),(1,50),(1,50),(1,53),(1,53),(1,56),(1,56),(1,59),(1,59),(1,62),(1,62),(1,65),(1,65),(1,68),(1,68),(1,71),(1,71),(1,74),(1,74),(1,77),(1,77),(1,80),(1,80),(1,83),(1,83),(1,86),(1,86),(1,89),(1,89),(1,92),(1,92),(1,95),(1,95),(1,98),(1,98),(1,101),(1,101),(1,104),(1,104),(1,107),(1,107),(1,110),(1,110),(1,113),(1,113),(1,116),(1,116),(1,119),(1,119),(1,122),(1,122),(1,125),(1,125),(1,128),(1,128),(1,131),(1,131),(1,134),(1,134),(1,137),(1,137),(1,140),(1,140),(1,143),(1,143),(1,146),(1,146),(1,149),(1,149),(1,152),(1,152),(1,155),(1,155),(1,158),(1,158),(1,161),(1,161),(1,164),(1,164),(1,167),(1,167),(1,170),(1,170),(1,173),(1,173),(1,176),(1,176),(1,179),(1,179),(1,182),(1,182),(1,185),(1,185),(1,188),(1,188),(1,191),(1,191),(1,194),(1,194),(1,197),(1,197),(1,200),(1,200),(1,203),(1,203),(1,206),(1,206),(1,209),(1,209),(1,212),(1,212),(1,215),(1,215),(1,218),(1,218),(1,221),(1,224),(1,224),(1,227),(1,227),(1,230),(1,230),(1,233),(1,233),(1,236),(1,236),(1,239),(1,239),(1,242),(1,242),(1,245),(1,245),(1,248),(1,248),(1,251),(1,251),(1,254),(1,254),(1,257),(1,257),(1,260),(1,260),(1,263),(1,263),(1,266),(1,266),(1,269),(1,269),(1,272),(1,272),(1,275),(1,275),(1,278),(1,278),(1,281),(1,281),(1,284),(1,284),(1,287),(1,287),(1,290),(1,290),(1,297),(1,297),(1,300),(1,300),(1,303),(1,303),(1,306),(1,306),(1,309),(1,309),(1,312),(1,312),(1,315),(1,315),(1,318),(1,318),(1,321),(1,324),(1,327),(1,330),(1,333),(1,333),(1,336),(1,336),(1,339),(1,339),(1,342),(1,342),(1,345),(1,345),(1,348),(1,348),(1,351),(1,351),(1,354),(1,354),(1,357),(1,357),(1,360),(1,360),(1,363),(1,363),(1,366),(1,366),(1,369),(1,369),(1,372),(1,372),(1,375),(1,375),(1,378),(1,378),(1,381),(1,381),(1,384),(1,384),(1,387),(1,387),(1,390),(1,390),(1,393),(1,393),(1,396),(1,396),(1,399),(1,399),(1,402),(1,402),(1,405),(1,405),(1,408),(1,408),(1,411),(1,411),(1,414),(1,414),(1,417),(1,417),(1,420),(1,420),(1,423),(1,423),(1,426),(1,426),(1,429),(1,429),(1,432),(1,432),(1,435),(1,435),(1,438),(1,438),(1,440),(1,440),(1,442),(1,442),(1,444),(1,444),(1,447),(1,447),(1,450),(1,450),(1,453),(1,453),(1,456),(1,456),(1,459),(1,459),(1,462),(1,462),(1,465),(1,465),(1,468),(1,468),(1,471),(1,471),(1,474),(1,474),(1,477),(1,477),(1,480),(1,480),(1,483),(1,483),(1,486),(1,486),(1,489),(1,489),(1,492),(1,492),(1,495),(1,495),(1,498),(1,498),(1,501),(1,501),(1,504),(1,504),(1,507),(1,507),(1,510),(1,510),(1,513),(1,513),(1,516),(1,516),(1,518),(1,518),(1,521),(1,521),(1,524),(1,524),(1,527),(1,527),(1,529),(1,529),(1,532),(1,532),(1,535),(1,535),(1,538),(1,538),(1,541),(1,541),(1,544),(1,544),(1,547),(1,547),(1,550),(1,550),(1,553),(1,553),(1,556),(1,556),(1,559),(1,559),(1,562),(1,562),(1,565),(1,565),(1,568),(1,568),(1,571),(1,571),(1,574),(1,574),(1,577),(1,577),(1,580),(1,580),(1,583),(1,583),(1,586),(1,586),(1,589),(1,589),(1,592),(1,592),(2,6),(3,6),(2,5),(1,659),(1,660),(1,666),(1,667),(1,668),(1,669),(1,670),(1,671),(1,685),(3,685),(1,686),(3,686),(1,687),(3,687),(1,688),(3,688),(1,691),(3,691),(1,694),(3,694),(1,697),(3,697),(1,700),(3,700),(1,703),(3,703),(1,706),(3,706),(1,709),(3,709),(1,712),(3,712),(1,715),(3,715),(1,718),(3,718),(1,721),(3,721),(1,724),(3,724),(1,727),(3,727),(1,730),(3,730),(1,733),(3,733),(1,736),(3,736),(1,739),(3,739),(1,742),(3,742),(1,745),(3,745),(1,748),(3,748),(1,751),(3,751),(1,754),(3,754),(1,757),(3,757),(1,760),(3,760),(1,763),(3,763),(1,766),(3,766),(1,769),(3,769),(1,772),(3,772),(1,775),(3,775),(1,778),(1,778),(3,778),(1,781),(3,781),(1,784),(3,784),(1,787),(3,787),(1,790),(3,790),(1,793),(3,793),(1,799),(3,799),(1,802),(3,802),(1,805),(3,805),(1,808),(3,808),(1,811),(3,811),(1,814),(3,814),(1,817),(3,817),(1,820),(3,820),(1,823),(3,823),(1,826),(1,829),(1,829),(3,829),(1,835),(3,835),(1,838),(3,838),(1,841),(3,841),(1,844),(3,844),(1,847),(3,847),(1,850),(3,850),(1,853),(3,853),(1,856),(3,856),(1,858),(3,858),(1,861),(3,861),(1,864),(3,864),(1,867),(3,867),(1,870),(3,870),(1,873),(3,873),(1,876),(3,876),(1,879),(3,879),(1,882),(3,882),(1,885),(3,885),(1,888),(3,888),(1,891),(3,891),(1,894),(3,894),(1,897),(3,897),(1,900),(3,900),(1,903),(3,903),(1,906),(3,906),(1,909),(3,909),(1,912),(3,912),(1,915),(3,915),(1,918),(3,918),(1,921),(3,921),(1,924),(3,924),(1,926),(3,926),(1,929),(3,929),(1,932),(3,932),(1,934),(3,934),(1,936),(3,936),(1,938),(3,938),(4,5),(1,941),(4,941),(5,5),(1,944),(5,944),(6,5),(1,947),(6,947),(7,5),(1,950),(7,950),(8,5);
/*!40000 ALTER TABLE `categorization` ENABLE KEYS */;
UNLOCK TABLES;

--
-- Table structure for table `category`
--

DROP TABLE IF EXISTS `category`;
/*!40101 SET @saved_cs_client     = @@character_set_client */;
/*!40101 SET character_set_client = utf8 */;
CREATE TABLE `category` (
  `id` int(11) NOT NULL AUTO_INCREMENT,
  `title` varchar(30) NOT NULL,
  PRIMARY KEY (`id`)
) ENGINE=InnoDB AUTO_INCREMENT=9 DEFAULT CHARSET=utf8;
/*!40101 SET character_set_client = @saved_cs_client */;

--
-- Dumping data for table `category`
--

LOCK TABLES `category` WRITE;
/*!40000 ALTER TABLE `category` DISABLE KEYS */;
INSERT INTO `category` VALUES (1,'test category'),(2,'new category'),(3,'new test category'),(4,'test new'),(5,'test new'),(6,'test new'),(7,'test new'),(8,'test new');
/*!40000 ALTER TABLE `category` ENABLE KEYS */;
UNLOCK TABLES;

--
-- Table structure for table `post`
--

DROP TABLE IF EXISTS `post`;
/*!40101 SET @saved_cs_client     = @@character_set_client */;
/*!40101 SET character_set_client = utf8 */;
CREATE TABLE `post` (
  `id` int(11) NOT NULL AUTO_INCREMENT,
  `author_id` int(11) DEFAULT NULL,
  `editor_id` int(11) DEFAULT NULL,
  `is_published` int(11) DEFAULT '0',
  `date_published` varchar(30) DEFAULT NULL,
  `post_title` varchar(30) NOT NULL,
  PRIMARY KEY (`id`)
) ENGINE=InnoDB AUTO_INCREMENT=951 DEFAULT CHARSET=utf8;
/*!40101 SET character_set_client = @saved_cs_client */;

--
-- Dumping data for table `post`
--

LOCK TABLES `post` WRITE;
/*!40000 ALTER TABLE `post` DISABLE KEYS */;
INSERT INTO `post` VALUES (5,1,1,1,'2018-05-24 14:24:30','some title'),(6,2,1,NULL,'2018-05-24 14:28:29','New post'),(7,1,1,NULL,'2018-05-24 14:28:29','New post'),(8,1,1,1,'2018-05-24 14:28:29','some title'),(9,1,1,NULL,'2018-05-24 14:30:44','New post'),(10,1,1,NULL,'2018-05-24 14:30:44','New post'),(11,1,1,1,'2018-05-24 14:30:44','some title'),(12,1,1,NULL,'2018-05-24 14:30:45','New post'),(13,1,1,NULL,'2018-05-24 14:30:45','New post'),(14,1,1,1,'2018-05-24 14:30:45','some title'),(15,1,1,NULL,'2018-05-24 14:30:46','New post'),(16,1,1,NULL,'2018-05-24 14:30:46','New post'),(17,1,1,1,'2018-05-24 14:30:46','some title'),(18,1,1,NULL,'2018-05-24 14:30:46','New post'),(19,1,1,NULL,'2018-05-24 14:30:46','New post'),(20,1,1,1,'2018-05-24 14:30:46','some title'),(21,1,1,NULL,'2018-05-24 14:30:47','New post'),(22,1,1,NULL,'2018-05-24 14:30:47','New post'),(23,1,1,1,'2018-05-24 14:30:47','some title'),(24,1,1,NULL,'2018-05-24 14:30:47','New post'),(25,1,1,NULL,'2018-05-24 14:30:47','New post'),(26,1,1,1,'2018-05-24 14:30:47','some title'),(27,1,1,NULL,'2018-05-24 14:38:11','New post'),(28,1,1,NULL,'2018-05-24 14:38:11','New post'),(29,1,1,1,'2018-05-24 14:38:11','some title'),(30,1,1,NULL,'2018-05-24 14:41:44','New post'),(31,1,1,NULL,'2018-05-24 14:41:44','New post'),(32,1,1,1,'2018-05-24 14:41:44','some title'),(33,1,1,NULL,'2018-05-24 14:42:38','New post'),(34,1,1,NULL,'2018-05-24 14:42:38','New post'),(35,1,1,1,'2018-05-24 14:42:38','some title'),(36,1,1,NULL,'2018-05-24 14:55:20','New post'),(37,1,1,NULL,'2018-05-24 14:55:20','New post'),(38,1,1,1,'2018-05-24 14:55:20','some title'),(39,1,1,NULL,'2018-05-24 14:55:22','New post'),(40,1,1,NULL,'2018-05-24 14:55:22','New post'),(41,1,1,1,'2018-05-24 14:55:22','some title'),(42,1,1,0,'2018-05-25 11:09:29','New post'),(43,1,1,0,'2018-05-25 11:09:29','New post'),(44,1,1,1,'2018-05-25 11:09:29','some title'),(45,1,1,0,'2018-05-25 14:09:51','New post'),(46,1,1,0,'2018-05-25 14:09:51','New post'),(47,1,1,1,'2018-05-25 14:09:51','some title'),(48,1,1,0,'2018-05-25 14:09:53','New post'),(49,1,1,0,'2018-05-25 14:09:53','New post'),(50,1,1,1,'2018-05-25 14:09:53','some title'),(51,1,1,0,'2018-05-25 14:20:15','New post'),(52,1,1,0,'2018-05-25 14:20:15','New post'),(53,1,1,1,'2018-05-25 14:20:15','some title'),(54,1,1,0,'2018-05-25 14:20:16','New post'),(55,1,1,0,'2018-05-25 14:20:16','New post'),(56,1,1,1,'2018-05-25 14:20:16','some title'),(57,1,1,0,'2018-05-25 14:33:05','New post'),(58,1,1,0,'2018-05-25 14:33:05','New post'),(59,1,1,1,'2018-05-25 14:33:05','some title'),(60,1,1,0,'2018-05-25 14:33:22','New post'),(61,1,1,0,'2018-05-25 14:33:22','New post'),(62,1,1,1,'2018-05-25 14:33:22','some title'),(63,1,1,0,'2018-05-25 14:33:23','New post'),(64,1,1,0,'2018-05-25 14:33:23','New post'),(65,1,1,1,'2018-05-25 14:33:23','some title'),(66,1,1,0,'2018-05-25 14:36:05','New post'),(67,1,1,0,'2018-05-25 14:36:05','New post'),(68,1,1,1,'2018-05-25 14:36:05','some title'),(69,1,1,0,'2018-05-25 14:36:06','New post'),(70,1,1,0,'2018-05-25 14:36:06','New post'),(71,1,1,1,'2018-05-25 14:36:06','some title'),(72,1,1,0,'2018-05-28 12:20:11','New post'),(73,1,1,0,'2018-05-28 12:20:11','New post'),(74,1,1,1,'2018-05-28 12:20:11','some title'),(75,1,1,0,'2018-05-28 14:09:04','New post'),(76,1,1,0,'2018-05-28 14:09:04','New post'),(77,1,1,1,'2018-05-28 14:09:04','some title'),(78,1,1,0,'2018-05-28 14:09:07','New post'),(79,1,1,0,'2018-05-28 14:09:07','New post'),(80,1,1,1,'2018-05-28 14:09:07','some title'),(81,1,1,0,'2018-05-28 14:09:09','New post'),(82,1,1,0,'2018-05-28 14:09:10','New post'),(83,1,1,1,'2018-05-28 14:09:10','some title'),(84,1,1,0,'2018-05-28 14:09:10','New post'),(85,1,1,0,'2018-05-28 14:09:10','New post'),(86,1,1,1,'2018-05-28 14:09:10','some title'),(87,1,1,0,'2018-05-28 14:09:11','New post'),(88,1,1,0,'2018-05-28 14:09:11','New post'),(89,1,1,1,'2018-05-28 14:09:11','some title'),(90,1,1,0,'2018-05-29 18:02:43','New post'),(91,1,1,0,'2018-05-29 18:02:43','New post'),(92,1,1,1,'2018-05-29 18:02:43','some title'),(93,1,1,0,'2018-05-29 18:02:46','New post'),(94,1,1,0,'2018-05-29 18:02:46','New post'),(95,1,1,1,'2018-05-29 18:02:46','some title'),(96,1,1,0,'2018-05-29 18:02:47','New post'),(97,1,1,0,'2018-05-29 18:02:47','New post'),(98,1,1,1,'2018-05-29 18:02:47','some title'),(99,1,1,0,'2018-05-30 08:35:05','New post'),(100,1,1,0,'2018-05-30 08:35:05','New post'),(101,1,1,1,'2018-05-30 08:35:05','some title'),(102,1,1,0,'2018-05-30 08:35:10','New post'),(103,1,1,0,'2018-05-30 08:35:10','New post'),(104,1,1,1,'2018-05-30 08:35:10','some title'),(105,1,1,0,'2018-05-30 08:36:53','New post'),(106,1,1,0,'2018-05-30 08:36:53','New post'),(107,1,1,1,'2018-05-30 08:36:53','some title'),(108,1,1,0,'2018-05-30 08:36:54','New post'),(109,1,1,0,'2018-05-30 08:36:54','New post'),(110,1,1,1,'2018-05-30 08:36:54','some title'),(111,1,1,0,'2018-05-30 08:36:55','New post'),(112,1,1,0,'2018-05-30 08:36:55','New post'),(113,1,1,1,'2018-05-30 08:36:55','some title'),(114,1,1,0,'2018-05-30 08:36:56','New post'),(115,1,1,0,'2018-05-30 08:36:56','New post'),(116,1,1,1,'2018-05-30 08:36:56','some title'),(117,1,1,0,'2018-05-30 08:38:14','New post'),(118,1,1,0,'2018-05-30 08:38:14','New post'),(119,1,1,1,'2018-05-30 08:38:14','some title'),(120,1,1,0,'2018-05-30 08:38:15','New post'),(121,1,1,0,'2018-05-30 08:38:15','New post'),(122,1,1,1,'2018-05-30 08:38:15','some title'),(123,1,1,0,'2018-05-30 08:38:17','New post'),(124,1,1,0,'2018-05-30 08:38:17','New post'),(125,1,1,1,'2018-05-30 08:38:17','some title'),(126,1,1,0,'2018-05-30 08:39:39','New post'),(127,1,1,0,'2018-05-30 08:39:39','New post'),(128,1,1,1,'2018-05-30 08:39:39','some title'),(129,1,1,0,'2018-05-30 08:40:18','New post'),(130,1,1,0,'2018-05-30 08:40:18','New post'),(131,1,1,1,'2018-05-30 08:40:18','some title'),(132,1,1,0,'2018-06-01 10:16:23','New post'),(133,1,1,0,'2018-06-01 10:16:23','New post'),(134,1,1,1,'2018-06-01 10:16:23','some title'),(135,1,1,0,'2018-06-01 10:16:43','New post'),(136,1,1,0,'2018-06-01 10:16:43','New post'),(137,1,1,1,'2018-06-01 10:16:43','some title'),(138,1,1,0,'2018-06-01 10:20:52','New post'),(139,1,1,0,'2018-06-01 10:20:52','New post'),(140,1,1,1,'2018-06-01 10:20:52','some title'),(141,1,1,0,'2018-06-01 10:21:04','New post'),(142,1,1,0,'2018-06-01 10:21:04','New post'),(143,1,1,1,'2018-06-01 10:21:04','some title'),(144,1,1,0,'2018-06-01 10:24:20','New post'),(145,1,1,0,'2018-06-01 10:24:20','New post'),(146,1,1,1,'2018-06-01 10:24:20','some title'),(147,1,1,0,'2018-06-01 10:27:36','New post'),(148,1,1,0,'2018-06-01 10:27:36','New post'),(149,1,1,1,'2018-06-01 10:27:36','some title'),(150,1,1,0,'2018-06-01 10:27:38','New post'),(151,1,1,0,'2018-06-01 10:27:38','New post'),(152,1,1,1,'2018-06-01 10:27:38','some title'),(153,1,1,0,'2018-06-01 10:29:35','New post'),(154,1,1,0,'2018-06-01 10:29:35','New post'),(155,1,1,1,'2018-06-01 10:29:35','some title'),(156,1,1,0,'2018-06-01 11:40:37','New post'),(157,1,1,0,'2018-06-01 11:40:37','New post'),(158,1,1,1,'2018-06-01 11:40:38','some title'),(159,1,1,0,'2018-06-01 11:40:42','New post'),(160,1,1,0,'2018-06-01 11:40:42','New post'),(161,1,1,1,'2018-06-01 11:40:42','some title'),(162,1,1,0,'2018-06-01 12:00:55','New post'),(163,1,1,0,'2018-06-01 12:00:55','New post'),(164,1,1,1,'2018-06-01 12:00:55','some title'),(165,1,1,0,'2018-06-01 12:05:13','New post'),(166,1,1,0,'2018-06-01 12:05:13','New post'),(167,1,1,1,'2018-06-01 12:05:13','some title'),(168,1,1,0,'2018-06-01 12:19:03','New post'),(169,1,1,0,'2018-06-01 12:19:03','New post'),(170,1,1,1,'2018-06-01 12:19:03','some title'),(171,1,1,0,'2018-06-01 12:20:12','New post'),(172,1,1,0,'2018-06-01 12:20:12','New post'),(173,1,1,1,'2018-06-01 12:20:12','some title'),(174,1,1,0,'2018-06-01 12:22:09','New post'),(175,1,1,0,'2018-06-01 12:22:09','New post'),(176,1,1,1,'2018-06-01 12:22:09','some title'),(177,1,1,0,'2018-06-01 12:29:30','New post'),(178,1,1,0,'2018-06-01 12:29:30','New post'),(179,1,1,1,'2018-06-01 12:29:30','some title'),(180,1,1,0,'2018-06-01 12:29:33','New post'),(181,1,1,0,'2018-06-01 12:29:33','New post'),(182,1,1,1,'2018-06-01 12:29:33','some title'),(183,1,1,0,'2018-06-01 12:58:49','New post'),(184,1,1,0,'2018-06-01 12:58:49','New post'),(185,1,1,1,'2018-06-01 12:58:49','some title'),(186,1,1,0,'2018-06-01 12:59:53','New post'),(187,1,1,0,'2018-06-01 12:59:53','New post'),(188,1,1,1,'2018-06-01 12:59:53','some title'),(189,1,1,0,'2018-06-01 13:00:36','New post'),(190,1,1,0,'2018-06-01 13:00:36','New post'),(191,1,1,1,'2018-06-01 13:00:36','some title'),(192,1,1,0,'2018-06-01 13:02:50','New post'),(193,1,1,0,'2018-06-01 13:02:50','New post'),(194,1,1,1,'2018-06-01 13:02:50','some title'),(195,1,1,0,'2018-06-04 13:30:17','New post'),(196,1,1,0,'2018-06-04 13:30:17','New post'),(197,1,1,1,'2018-06-04 13:30:17','some title'),(198,1,1,0,'2018-06-04 15:14:56','New post'),(199,1,1,0,'2018-06-04 15:14:56','New post'),(200,1,1,1,'2018-06-04 15:14:56','some title'),(201,1,1,0,'2018-06-04 15:15:01','New post'),(202,1,1,0,'2018-06-04 15:15:01','New post'),(203,1,1,1,'2018-06-04 15:15:01','some title'),(204,1,1,0,'2018-06-04 15:15:05','New post'),(205,1,1,0,'2018-06-04 15:15:05','New post'),(206,1,1,1,'2018-06-04 15:15:05','some title'),(207,1,1,0,'2018-06-04 15:17:41','New post'),(208,1,1,0,'2018-06-04 15:17:41','New post'),(209,1,1,1,'2018-06-04 15:17:41','some title'),(210,1,1,0,'2018-06-05 13:32:54','New post'),(211,1,1,0,'2018-06-05 13:32:54','New post'),(212,1,1,1,'2018-06-05 13:32:54','some title'),(213,1,1,0,'2018-06-05 16:48:47','New post'),(214,1,1,0,'2018-06-05 16:48:47','New post'),(215,1,1,1,'2018-06-05 16:48:47','some title'),(216,1,1,0,'2018-06-05 16:50:23','New post'),(217,1,1,0,'2018-06-05 16:50:23','New post'),(218,1,1,1,'2018-06-05 16:50:23','some title'),(219,1,1,0,'2018-06-05 16:50:35','New post'),(220,1,1,0,'2018-06-05 16:50:35','New post'),(221,1,1,1,'2018-06-05 16:50:35','some title'),(222,1,1,0,'2018-06-06 08:29:46','New post'),(223,1,1,0,'2018-06-06 08:29:46','New post'),(224,1,1,1,'2018-06-06 08:29:46','some title'),(225,1,1,0,'2018-06-06 08:30:49','New post'),(226,1,1,0,'2018-06-06 08:30:49','New post'),(227,1,1,1,'2018-06-06 08:30:49','some title'),(228,1,1,0,'2018-06-06 08:30:52','New post'),(229,1,1,0,'2018-06-06 08:30:52','New post'),(230,1,1,1,'2018-06-06 08:30:52','some title'),(231,1,1,0,'2018-06-06 08:33:08','New post'),(232,1,1,0,'2018-06-06 08:33:08','New post'),(233,1,1,1,'2018-06-06 08:33:08','some title'),(234,1,1,0,'2018-06-06 08:33:11','New post'),(235,1,1,0,'2018-06-06 08:33:11','New post'),(236,1,1,1,'2018-06-06 08:33:11','some title'),(237,1,1,0,'2018-06-06 08:34:15','New post'),(238,1,1,0,'2018-06-06 08:34:15','New post'),(239,1,1,1,'2018-06-06 08:34:15','some title'),(240,1,1,0,'2018-06-06 08:34:18','New post'),(241,1,1,0,'2018-06-06 08:34:18','New post'),(242,1,1,1,'2018-06-06 08:34:18','some title'),(243,1,1,0,'2018-06-06 08:40:05','New post'),(244,1,1,0,'2018-06-06 08:40:05','New post'),(245,1,1,1,'2018-06-06 08:40:05','some title'),(246,1,1,0,'2018-06-06 08:40:30','New post'),(247,1,1,0,'2018-06-06 08:40:31','New post'),(248,1,1,1,'2018-06-06 08:40:31','some title'),(249,1,1,0,'2018-06-06 08:40:43','New post'),(250,1,1,0,'2018-06-06 08:40:43','New post'),(251,1,1,1,'2018-06-06 08:40:43','some title'),(252,1,1,0,'2018-06-06 08:40:56','New post'),(253,1,1,0,'2018-06-06 08:40:56','New post'),(254,1,1,1,'2018-06-06 08:40:56','some title'),(255,1,1,0,'2018-06-06 08:41:07','New post'),(256,1,1,0,'2018-06-06 08:41:07','New post'),(257,1,1,1,'2018-06-06 08:41:08','some title'),(258,1,1,0,'2018-06-06 08:41:36','New post'),(259,1,1,0,'2018-06-06 08:41:36','New post'),(260,1,1,1,'2018-06-06 08:41:36','some title'),(261,1,1,0,'2018-06-06 08:42:14','New post'),(262,1,1,0,'2018-06-06 08:42:14','New post'),(263,1,1,1,'2018-06-06 08:42:14','some title'),(264,1,1,0,'2018-06-06 08:42:44','New post'),(265,1,1,0,'2018-06-06 08:42:44','New post'),(266,1,1,1,'2018-06-06 08:42:44','some title'),(267,1,1,0,'2018-06-06 08:43:21','New post'),(268,1,1,0,'2018-06-06 08:43:21','New post'),(269,1,1,1,'2018-06-06 08:43:21','some title'),(270,1,1,0,'2018-06-06 08:43:29','New post'),(271,1,1,0,'2018-06-06 08:43:29','New post'),(272,1,1,1,'2018-06-06 08:43:29','some title'),(273,1,1,0,'2018-06-06 09:42:17','New post'),(274,1,1,0,'2018-06-06 09:42:17','New post'),(275,1,1,1,'2018-06-06 09:42:17','some title'),(276,1,1,0,'2018-06-06 09:52:22','New post'),(277,1,1,0,'2018-06-06 09:52:22','New post'),(278,1,1,1,'2018-06-06 09:52:22','some title'),(279,1,1,0,'2018-07-09 10:38:43','New post'),(280,1,1,0,'2018-07-09 10:38:43','New post'),(281,1,1,1,'2018-07-09 10:38:43','some title'),(282,1,1,0,'2018-07-09 10:48:45','New post'),(283,1,1,0,'2018-07-09 10:48:45','New post'),(284,1,1,1,'2018-07-09 10:48:45','some title'),(285,1,1,0,'2018-07-09 11:06:52','New post'),(286,1,1,0,'2018-07-09 11:06:52','New post'),(287,1,1,1,'2018-07-09 11:06:52','some title'),(288,1,1,0,'2018-07-09 11:11:09','New post'),(289,1,1,0,'2018-07-09 11:11:09','New post'),(290,1,1,1,'2018-07-09 11:11:09','some title'),(291,1,1,0,'2018-07-10 14:38:28','New post'),(292,1,1,0,'2018-07-10 14:38:28','New post'),(293,1,1,0,'2018-07-10 14:39:10','New post'),(294,1,1,0,'2018-07-10 14:39:10','New post'),(295,1,1,0,'2018-07-10 14:39:44','New post'),(296,1,1,0,'2018-07-10 14:39:44','New post'),(297,1,1,1,'2018-07-10 14:39:44','some title'),(298,1,1,0,'2018-07-10 15:34:21','New post'),(299,1,1,0,'2018-07-10 15:34:21','New post'),(300,1,1,1,'2018-07-10 15:34:21','some title'),(301,1,1,0,'2018-07-10 15:38:13','New post'),(302,1,1,0,'2018-07-10 15:38:13','New post'),(303,1,1,1,'2018-07-10 15:38:13','some title'),(304,1,1,0,'2018-07-10 15:58:50','New post'),(305,1,1,0,'2018-07-10 15:58:50','New post'),(306,1,1,1,'2018-07-10 15:58:50','some title'),(307,1,1,0,'2018-07-10 15:59:16','New post'),(308,1,1,0,'2018-07-10 15:59:16','New post'),(309,1,1,1,'2018-07-10 15:59:16','some title'),(310,1,1,0,'2018-07-10 16:02:25','New post'),(311,1,1,0,'2018-07-10 16:02:25','New post'),(312,1,1,1,'2018-07-10 16:02:25','some title'),(313,1,1,0,'2018-07-10 16:05:29','New post'),(314,1,1,0,'2018-07-10 16:05:29','New post'),(315,1,1,1,'2018-07-10 16:05:29','some title'),(316,1,1,0,'2018-07-10 16:10:51','New post'),(317,1,1,0,'2018-07-10 16:10:51','New post'),(318,1,1,1,'2018-07-10 16:10:51','some title'),(319,1,1,0,'2018-07-10 16:35:08','New post'),(320,1,1,0,'2018-07-10 16:35:08','New post'),(321,1,1,1,'2018-07-10 16:35:08','some title'),(322,1,1,0,'2018-07-10 16:35:09','New post'),(323,1,1,0,'2018-07-10 16:35:09','New post'),(324,1,1,1,'2018-07-10 16:35:09','some title'),(325,1,1,0,'2018-07-10 16:35:46','New post'),(326,1,1,0,'2018-07-10 16:35:46','New post'),(327,1,1,1,'2018-07-10 16:35:46','some title'),(328,1,1,0,'2018-07-10 16:36:08','New post'),(329,1,1,0,'2018-07-10 16:36:08','New post'),(330,1,1,1,'2018-07-10 16:36:08','some title'),(331,1,1,0,'2018-07-10 16:42:13','New post'),(332,1,1,0,'2018-07-10 16:42:13','New post'),(333,1,1,1,'2018-07-10 16:42:13','some title'),(334,1,1,0,'2018-07-10 16:42:51','New post'),(335,1,1,0,'2018-07-10 16:42:51','New post'),(336,1,1,1,'2018-07-10 16:42:51','some title'),(337,1,1,0,'2018-07-10 16:45:59','New post'),(338,1,1,0,'2018-07-10 16:45:59','New post'),(339,1,1,1,'2018-07-10 16:45:59','some title'),(340,1,1,0,'2018-07-10 16:46:30','New post'),(341,1,1,0,'2018-07-10 16:46:31','New post'),(342,1,1,1,'2018-07-10 16:46:31','some title'),(343,1,1,0,'2018-07-10 16:47:08','New post'),(344,1,1,0,'2018-07-10 16:47:08','New post'),(345,1,1,1,'2018-07-10 16:47:08','some title'),(346,1,1,0,'2018-07-11 07:55:42','New post'),(347,1,1,0,'2018-07-11 07:55:42','New post'),(348,1,1,1,'2018-07-11 07:55:43','some title'),(349,1,1,0,'2018-07-11 07:58:13','New post'),(350,1,1,0,'2018-07-11 07:58:13','New post'),(351,1,1,1,'2018-07-11 07:58:13','some title'),(352,1,1,0,'2018-07-11 07:58:30','New post'),(353,1,1,0,'2018-07-11 07:58:30','New post'),(354,1,1,1,'2018-07-11 07:58:30','some title'),(355,1,1,0,'2018-07-11 08:01:43','New post'),(356,1,1,0,'2018-07-11 08:01:43','New post'),(357,1,1,1,'2018-07-11 08:01:43','some title'),(358,1,1,0,'2018-07-11 08:01:54','New post'),(359,1,1,0,'2018-07-11 08:01:54','New post'),(360,1,1,1,'2018-07-11 08:01:54','some title'),(361,1,1,0,'2018-07-11 08:02:58','New post'),(362,1,1,0,'2018-07-11 08:02:58','New post'),(363,1,1,1,'2018-07-11 08:02:59','some title'),(364,1,1,0,'2018-07-11 08:03:33','New post'),(365,1,1,0,'2018-07-11 08:03:33','New post'),(366,1,1,1,'2018-07-11 08:03:33','some title'),(367,1,1,0,'2018-07-11 08:04:17','New post'),(368,1,1,0,'2018-07-11 08:04:17','New post'),(369,1,1,1,'2018-07-11 08:04:17','some title'),(370,1,1,0,'2018-07-11 08:05:29','New post'),(371,1,1,0,'2018-07-11 08:05:29','New post'),(372,1,1,1,'2018-07-11 08:05:29','some title'),(373,1,1,0,'2018-07-11 08:06:50','New post'),(374,1,1,0,'2018-07-11 08:06:50','New post'),(375,1,1,1,'2018-07-11 08:06:50','some title'),(376,1,1,0,'2018-07-11 08:07:29','New post'),(377,1,1,0,'2018-07-11 08:07:29','New post'),(378,1,1,1,'2018-07-11 08:07:29','some title'),(379,1,1,0,'2018-07-11 08:07:32','New post'),(380,1,1,0,'2018-07-11 08:07:32','New post'),(381,1,1,1,'2018-07-11 08:07:32','some title'),(382,1,1,0,'2018-07-11 08:14:57','New post'),(383,1,1,0,'2018-07-11 08:14:57','New post'),(384,1,1,1,'2018-07-11 08:14:57','some title'),(385,1,1,0,'2018-07-11 08:15:16','New post'),(386,1,1,0,'2018-07-11 08:15:16','New post'),(387,1,1,1,'2018-07-11 08:15:16','some title'),(388,1,1,0,'2018-07-11 08:15:27','New post'),(389,1,1,0,'2018-07-11 08:15:27','New post'),(390,1,1,1,'2018-07-11 08:15:27','some title'),(391,1,1,0,'2018-07-11 08:15:35','New post'),(392,1,1,0,'2018-07-11 08:15:35','New post'),(393,1,1,1,'2018-07-11 08:15:35','some title'),(394,1,1,0,'2018-07-11 08:16:12','New post'),(395,1,1,0,'2018-07-11 08:16:12','New post'),(396,1,1,1,'2018-07-11 08:16:12','some title'),(397,1,1,0,'2018-07-11 08:17:25','New post'),(398,1,1,0,'2018-07-11 08:17:25','New post'),(399,1,1,1,'2018-07-11 08:17:25','some title'),(400,1,1,0,'2018-07-11 08:17:29','New post'),(401,1,1,0,'2018-07-11 08:17:29','New post'),(402,1,1,1,'2018-07-11 08:17:29','some title'),(403,1,1,0,'2018-07-11 08:18:23','New post'),(404,1,1,0,'2018-07-11 08:18:23','New post'),(405,1,1,1,'2018-07-11 08:18:23','some title'),(406,1,1,0,'2018-07-11 08:19:07','New post'),(407,1,1,0,'2018-07-11 08:19:07','New post'),(408,1,1,1,'2018-07-11 08:19:07','some title'),(409,1,1,0,'2018-07-11 08:20:42','New post'),(410,1,1,0,'2018-07-11 08:20:42','New post'),(411,1,1,1,'2018-07-11 08:20:42','some title'),(412,1,1,0,'2018-07-11 08:22:18','New post'),(413,1,1,0,'2018-07-11 08:22:18','New post'),(414,1,1,1,'2018-07-11 08:22:18','some title'),(415,1,1,0,'2018-07-11 08:22:32','New post'),(416,1,1,0,'2018-07-11 08:22:32','New post'),(417,1,1,1,'2018-07-11 08:22:32','some title'),(418,1,1,0,'2018-07-11 08:23:45','New post'),(419,1,1,0,'2018-07-11 08:23:45','New post'),(420,1,1,1,'2018-07-11 08:23:45','some title'),(421,1,1,0,'2018-07-11 08:26:39','New post'),(422,1,1,0,'2018-07-11 08:26:39','New post'),(423,1,1,1,'2018-07-11 08:26:39','some title'),(424,1,1,0,'2018-07-11 10:21:30','New post'),(425,1,1,0,'2018-07-11 10:21:30','New post'),(426,1,1,1,'2018-07-11 10:21:30','some title'),(427,1,1,0,'2018-07-11 10:21:44','New post'),(428,1,1,0,'2018-07-11 10:21:44','New post'),(429,1,1,1,'2018-07-11 10:21:44','some title'),(430,1,1,0,'2018-07-12 10:43:46','New post'),(431,1,1,0,'2018-07-12 10:43:46','New post'),(432,1,1,1,'2018-07-12 10:43:46','some title'),(433,1,1,0,'2018-07-12 10:46:08','New post'),(434,1,1,0,'2018-07-12 10:46:08','New post'),(435,1,1,1,'2018-07-12 10:46:08','some title'),(436,1,1,0,'2018-07-12 11:07:53','New post'),(437,1,1,0,'2018-07-12 11:07:53','New post'),(438,1,1,1,'2018-07-12 11:07:53','some title'),(439,1,1,0,'2018-07-12 11:10:47','New post'),(440,1,1,1,'2018-07-12 11:10:47','some title'),(441,1,1,0,'2018-07-12 11:13:43','New post'),(442,1,1,1,'2018-07-12 11:13:43','some title'),(443,1,1,0,'2018-07-12 11:13:55','New post'),(444,1,1,1,'2018-07-12 11:13:55','some title'),(445,1,1,0,'2018-07-12 11:15:56','New post'),(446,1,1,0,'2018-07-12 11:15:56','New post'),(447,1,1,1,'2018-07-12 11:15:56','some title'),(448,1,1,0,'2018-07-12 11:16:43','New post'),(449,1,1,0,'2018-07-12 11:16:43','New post'),(450,1,1,1,'2018-07-12 11:16:43','some title'),(451,1,1,0,'2018-07-12 11:16:57','New post'),(452,1,1,0,'2018-07-12 11:16:57','New post'),(453,1,1,1,'2018-07-12 11:16:57','some title'),(454,1,1,0,'2018-07-12 11:23:28','New post'),(455,1,1,0,'2018-07-12 11:23:28','New post'),(456,1,1,1,'2018-07-12 11:23:28','some title'),(457,1,1,0,'2018-07-12 11:23:42','New post'),(458,1,1,0,'2018-07-12 11:23:42','New post'),(459,1,1,1,'2018-07-12 11:23:42','some title'),(460,1,1,0,'2018-07-12 11:23:55','New post'),(461,1,1,0,'2018-07-12 11:23:55','New post'),(462,1,1,1,'2018-07-12 11:23:55','some title'),(463,1,1,0,'2018-07-12 11:24:39','New post'),(464,1,1,0,'2018-07-12 11:24:39','New post'),(465,1,1,1,'2018-07-12 11:24:39','some title'),(466,1,1,0,'2018-07-12 11:24:56','New post'),(467,1,1,0,'2018-07-12 11:24:56','New post'),(468,1,1,1,'2018-07-12 11:24:56','some title'),(469,1,1,0,'2018-07-12 11:26:14','New post'),(470,1,1,0,'2018-07-12 11:26:14','New post'),(471,1,1,1,'2018-07-12 11:26:14','some title'),(472,1,1,0,'2018-07-12 11:26:42','New post'),(473,1,1,0,'2018-07-12 11:26:42','New post'),(474,1,1,1,'2018-07-12 11:26:42','some title'),(475,1,1,0,'2018-07-12 11:31:37','New post'),(476,1,1,0,'2018-07-12 11:31:37','New post'),(477,1,1,1,'2018-07-12 11:31:37','some title'),(478,1,1,0,'2018-07-12 11:31:52','New post'),(479,1,1,0,'2018-07-12 11:31:52','New post'),(480,1,1,1,'2018-07-12 11:31:52','some title'),(481,1,1,0,'2018-07-12 11:32:52','New post'),(482,1,1,0,'2018-07-12 11:32:53','New post'),(483,1,1,1,'2018-07-12 11:32:53','some title'),(484,1,1,0,'2018-07-12 11:33:12','New post'),(485,1,1,0,'2018-07-12 11:33:12','New post'),(486,1,1,1,'2018-07-12 11:33:12','some title'),(487,1,1,0,'2018-07-12 11:33:26','New post'),(488,1,1,0,'2018-07-12 11:33:26','New post'),(489,1,1,1,'2018-07-12 11:33:26','some title'),(490,1,1,0,'2018-07-12 11:33:42','New post'),(491,1,1,0,'2018-07-12 11:33:42','New post'),(492,1,1,1,'2018-07-12 11:33:42','some title'),(493,1,1,0,'2018-07-12 11:38:57','New post'),(494,1,1,0,'2018-07-12 11:38:57','New post'),(495,1,1,1,'2018-07-12 11:38:57','some title'),(496,1,1,0,'2018-07-13 08:28:25','New post'),(497,1,1,0,'2018-07-13 08:28:25','New post'),(498,1,1,1,'2018-07-13 08:28:25','some title'),(499,1,1,0,'2018-07-13 15:06:00','New post'),(500,1,1,0,'2018-07-13 15:06:00','New post'),(501,1,1,1,'2018-07-13 15:06:00','some title'),(502,1,1,0,'2018-07-13 15:07:40','New post'),(503,1,1,0,'2018-07-13 15:07:40','New post'),(504,1,1,1,'2018-07-13 15:07:40','some title'),(505,1,1,0,'2018-07-13 15:08:15','New post'),(506,1,1,0,'2018-07-13 15:08:15','New post'),(507,1,1,1,'2018-07-13 15:08:15','some title'),(508,1,1,0,'2018-07-13 15:12:32','New post'),(509,1,1,0,'2018-07-13 15:12:32','New post'),(510,1,1,1,'2018-07-13 15:12:32','some title'),(511,1,1,0,'2018-07-16 08:21:21','New post'),(512,1,1,0,'2018-07-16 08:21:21','New post'),(513,1,1,1,'2018-07-16 08:21:21','some title'),(514,1,1,0,'2018-07-16 08:22:32','New post'),(515,1,1,0,'2018-07-16 08:22:33','New post'),(516,1,1,1,'2018-07-16 08:22:33','some title'),(517,1,1,0,'2018-07-16 08:25:24','New post'),(518,1,1,1,'2018-07-16 08:25:24','some title'),(519,1,1,0,'2018-07-16 08:28:54','New post'),(520,1,1,0,'2018-07-16 08:28:56','New post'),(521,1,1,1,'2018-07-16 08:28:56','some title'),(522,1,1,0,'2018-07-16 08:32:06','New post'),(523,1,1,0,'2018-07-16 08:32:06','New post'),(524,1,1,1,'2018-07-16 08:32:06','some title'),(525,1,1,0,'2018-07-16 08:32:18','New post'),(526,1,1,0,'2018-07-16 08:32:18','New post'),(527,1,1,1,'2018-07-16 08:32:18','some title'),(528,1,1,0,'2018-07-16 08:38:49','New post'),(529,1,1,1,'2018-07-16 08:38:49','some title'),(530,1,1,0,'2018-07-16 08:39:18','New post'),(531,1,1,0,'2018-07-16 08:39:18','New post'),(532,1,1,1,'2018-07-16 08:39:18','some title'),(533,1,1,0,'2018-07-16 08:39:24','New post'),(534,1,1,0,'2018-07-16 08:39:24','New post'),(535,1,1,1,'2018-07-16 08:39:24','some title'),(536,1,1,0,'2018-07-16 08:39:28','New post'),(537,1,1,0,'2018-07-16 08:39:28','New post'),(538,1,1,1,'2018-07-16 08:39:28','some title'),(539,1,1,0,'2018-07-16 08:44:17','New post'),(540,1,1,0,'2018-07-16 08:44:17','New post'),(541,1,1,1,'2018-07-16 08:44:17','some title'),(542,1,1,0,'2018-07-16 08:44:22','New post'),(543,1,1,0,'2018-07-16 08:44:22','New post'),(544,1,1,1,'2018-07-16 08:44:22','some title'),(545,1,1,0,'2018-07-16 08:44:27','New post'),(546,1,1,0,'2018-07-16 08:44:27','New post'),(547,1,1,1,'2018-07-16 08:44:27','some title'),(548,1,1,0,'2018-07-16 08:44:32','New post'),(549,1,1,0,'2018-07-16 08:44:32','New post'),(550,1,1,1,'2018-07-16 08:44:32','some title'),(551,1,1,0,'2018-07-16 08:49:46','New post'),(552,1,1,0,'2018-07-16 08:49:48','New post'),(553,1,1,1,'2018-07-16 08:49:48','some title'),(554,1,1,0,'2018-07-16 09:41:20','New post'),(555,1,1,0,'2018-07-16 09:41:20','New post'),(556,1,1,1,'2018-07-16 09:41:21','some title'),(557,1,1,0,'2018-07-16 09:42:13','New post'),(558,1,1,0,'2018-07-16 09:42:13','New post'),(559,1,1,1,'2018-07-16 09:42:13','some title'),(560,1,1,0,'2018-07-16 09:42:43','New post'),(561,1,1,0,'2018-07-16 09:42:43','New post'),(562,1,1,1,'2018-07-16 09:42:43','some title'),(563,1,1,0,'2018-07-16 09:43:12','New post'),(564,1,1,0,'2018-07-16 09:43:12','New post'),(565,1,1,1,'2018-07-16 09:43:12','some title'),(566,1,1,0,'2018-07-16 09:44:09','New post'),(567,1,1,0,'2018-07-16 09:44:09','New post'),(568,1,1,1,'2018-07-16 09:44:09','some title'),(569,1,1,0,'2018-07-16 09:44:28','New post'),(570,1,1,0,'2018-07-16 09:44:28','New post'),(571,1,1,1,'2018-07-16 09:44:28','some title'),(572,1,1,0,'2018-07-16 09:44:52','New post'),(573,1,1,0,'2018-07-16 09:44:52','New post'),(574,1,1,1,'2018-07-16 09:44:52','some title'),(575,1,1,0,'2018-07-18 12:48:42','New post'),(576,1,1,0,'2018-07-18 12:48:42','New post'),(577,1,1,1,'2018-07-18 12:48:42','some title'),(578,1,1,0,'2018-07-18 12:52:54','New post'),(579,1,1,0,'2018-07-18 12:52:54','New post'),(580,1,1,1,'2018-07-18 12:52:54','some title'),(581,1,1,0,'2018-07-18 12:53:09','New post'),(582,1,1,0,'2018-07-18 12:53:09','New post'),(583,1,1,1,'2018-07-18 12:53:09','some title'),(584,1,1,0,'2018-07-18 12:53:20','New post'),(585,1,1,0,'2018-07-18 12:53:20','New post'),(586,1,1,1,'2018-07-18 12:53:20','some title'),(587,1,1,0,'2018-07-18 13:55:50','New post'),(588,1,1,0,'2018-07-18 13:55:50','New post'),(589,1,1,1,'2018-07-18 13:55:50','some title'),(590,1,1,0,'2018-07-30 13:03:53','New post'),(591,1,1,0,'2018-07-30 13:03:53','New post'),(592,1,1,1,'2018-07-30 13:03:53','some title'),(595,1,1,0,'2018-08-03 14:36:39','New post'),(596,1,1,0,'2018-08-03 14:41:34','New post'),(597,1,1,0,'2018-08-03 14:42:14','New post'),(598,1,1,0,'2018-08-03 14:42:15','New post'),(599,1,1,0,'2018-08-03 14:42:16','New post'),(600,1,1,0,'2018-08-03 14:42:21','New post'),(601,1,1,0,'2018-08-03 14:42:21','New post'),(602,1,1,0,'2018-08-03 14:42:35','New post'),(603,1,1,0,'2018-08-03 14:42:35','New post'),(604,1,1,0,'2018-08-03 14:42:36','New post'),(605,1,1,0,'2018-08-03 14:42:37','New post'),(606,1,1,0,'2018-08-03 14:42:37','New post'),(607,1,1,0,'2018-08-03 14:42:38','New post'),(608,1,1,0,'2018-08-03 14:42:39','New post'),(609,1,1,0,'2018-08-03 14:42:39','New post'),(610,1,1,0,'2018-08-03 14:42:40','New post'),(611,1,1,0,'2018-08-03 14:42:41','New post'),(612,1,1,0,'2018-08-03 14:42:42','New post'),(613,1,1,0,'2018-08-03 14:42:43','New post'),(614,1,1,0,'2018-08-03 14:42:43','New post'),(615,1,1,0,'2018-08-03 14:42:44','New post'),(616,1,1,0,'2018-08-03 14:42:44','New post'),(617,1,1,0,'2018-08-03 14:42:45','New post'),(618,1,1,0,'2018-08-03 14:42:45','New post'),(619,1,1,0,'2018-08-03 14:43:11','New post'),(620,1,1,0,'2018-08-03 14:44:15','New post'),(621,1,1,0,'2018-08-03 14:45:20','New post'),(622,1,1,0,'2018-08-03 14:45:44','New post'),(623,1,1,0,'2018-08-03 14:49:21','New post'),(624,1,1,0,'2018-08-03 14:49:22','New post'),(625,1,1,0,'2018-08-03 14:49:22','New post'),(626,1,1,0,'2018-08-03 14:49:23','New post'),(627,1,1,0,'2018-08-03 14:49:23','New post'),(628,1,1,0,'2018-08-03 14:49:28','New post'),(629,1,1,0,'2018-08-03 14:49:29','New post'),(630,1,1,0,'2018-08-03 14:49:30','New post'),(631,1,1,0,'2018-08-03 14:49:30','New post'),(632,1,1,0,'2018-08-03 14:49:31','New post'),(633,1,1,0,'2018-08-03 14:49:31','New post'),(634,1,1,0,'2018-08-03 14:49:32','New post'),(635,1,1,0,'2018-08-03 14:49:32','New post'),(636,1,1,0,'2018-08-03 14:52:17','New post'),(637,1,1,0,'2018-08-03 14:52:17','New post'),(638,1,1,0,'2018-08-03 14:52:18','New post'),(639,1,1,0,'2018-08-03 14:52:18','New post'),(640,1,1,0,'2018-08-03 14:52:19','New post'),(641,1,1,0,'2018-08-03 14:52:19','New post'),(642,1,1,0,'2018-08-03 14:52:20','New post'),(643,1,1,0,'2018-08-03 14:52:20','New post'),(644,1,1,0,'2018-08-03 14:52:31','New post'),(645,1,1,0,'2018-08-03 14:52:31','New post'),(646,1,1,0,'2018-08-03 14:57:14','New post'),(647,1,1,0,'2018-08-03 15:13:51','New post'),(648,1,1,0,'2018-08-03 15:13:52','New post'),(649,1,1,1,'2018-08-03 15:29:20','some title'),(650,1,1,1,'2018-08-03 15:29:29','some title'),(651,1,1,1,'2018-08-06 10:38:58','some title'),(652,1,1,1,'2018-08-06 10:51:27','some title'),(653,1,1,1,'2018-08-06 10:53:41','some title'),(654,1,1,1,'2018-08-06 10:58:00','some title'),(655,1,1,1,'2018-08-06 11:17:55','some title'),(656,1,1,1,'2018-08-06 14:54:16','some title'),(657,1,1,1,'2018-08-06 14:54:22','some title'),(658,1,1,1,'2018-08-06 14:55:54','some title'),(659,1,1,1,'2018-08-06 15:38:53','some title'),(660,1,1,1,'2018-08-06 15:40:38','some title'),(661,1,1,1,'2018-08-06 15:43:35','some title'),(662,1,1,1,'2018-08-06 16:08:16','some title'),(663,1,1,1,'2018-08-06 16:08:39','some title'),(664,1,1,1,'2018-08-06 16:09:33','some title'),(665,1,1,1,'2018-08-06 16:09:34','some title'),(666,1,1,1,'2018-08-06 16:11:09','some title'),(667,1,1,1,'2018-08-06 16:16:31','some title'),(668,1,1,1,'2018-08-06 16:18:32','some title'),(669,1,1,1,'2018-08-06 16:20:39','some title'),(670,1,1,1,'2018-08-06 16:20:45','some title'),(671,1,1,1,'2018-08-06 16:21:03','some title'),(672,1,1,1,'2018-08-06 16:21:47','some title'),(673,1,1,1,'2018-08-06 16:23:45','some title'),(674,1,1,1,'2018-08-06 16:24:00','some title'),(675,1,1,1,'2018-08-06 16:24:08','some title'),(676,1,1,1,'2018-08-06 16:24:29','some title'),(677,1,1,1,'2018-08-06 16:25:08','some title'),(678,1,1,1,'2018-08-06 16:27:18','some title'),(679,1,1,1,'2018-08-06 16:28:09','some title'),(680,1,1,1,'2018-08-06 16:29:11','some title'),(681,1,1,1,'2018-08-06 16:29:46','some title'),(682,1,1,1,'2018-08-06 16:32:06','some title'),(683,1,1,1,'2018-08-06 16:32:59','some title'),(684,1,1,1,'2018-08-06 16:34:47','some title'),(685,1,1,1,'2018-08-06 16:43:41','some title'),(686,1,1,1,'2018-08-06 16:43:42','some title'),(687,1,1,1,'2018-08-06 16:43:43','some title'),(688,1,1,1,'2018-08-06 16:48:51','some title'),(689,1,1,0,'2018-08-06 16:49:12','New post'),(690,1,1,0,'2018-08-06 16:49:12','New post'),(691,1,1,1,'2018-08-06 16:49:12','some title'),(692,1,1,0,'2018-08-06 16:49:52','New post'),(693,1,1,0,'2018-08-06 16:49:52','New post'),(694,1,1,1,'2018-08-06 16:49:52','some title'),(695,1,1,0,'2018-08-06 16:50:26','New post'),(696,1,1,0,'2018-08-06 16:50:26','New post'),(697,1,1,1,'2018-08-06 16:50:26','some title'),(698,1,1,0,'2018-08-06 16:50:27','New post'),(699,1,1,0,'2018-08-06 16:50:27','New post'),(700,1,1,1,'2018-08-06 16:50:27','some title'),(701,1,1,0,'2018-08-06 16:50:28','New post'),(702,1,1,0,'2018-08-06 16:50:28','New post'),(703,1,1,1,'2018-08-06 16:50:28','some title'),(704,1,1,0,'2018-08-06 16:50:28','New post'),(705,1,1,0,'2018-08-06 16:50:28','New post'),(706,1,1,1,'2018-08-06 16:50:28','some title'),(707,1,1,0,'2018-08-06 16:50:31','New post'),(708,1,1,0,'2018-08-06 16:50:31','New post'),(709,1,1,1,'2018-08-06 16:50:31','some title'),(710,1,1,0,'2018-08-07 14:31:19','New post'),(711,1,1,0,'2018-08-07 14:31:19','New post'),(712,1,1,1,'2018-08-07 14:31:19','some title'),(713,1,1,0,'2018-08-07 14:31:21','New post'),(714,1,1,0,'2018-08-07 14:31:21','New post'),(715,1,1,1,'2018-08-07 14:31:21','some title'),(716,1,1,0,'2018-08-07 14:31:49','New post'),(717,1,1,0,'2018-08-07 14:31:49','New post'),(718,1,1,1,'2018-08-07 14:31:49','some title'),(719,1,1,0,'2018-08-07 14:32:10','New post'),(720,1,1,0,'2018-08-07 14:32:10','New post'),(721,1,1,1,'2018-08-07 14:32:10','some title'),(722,1,1,0,'2018-08-07 15:03:37','New post'),(723,1,1,0,'2018-08-07 15:03:37','New post'),(724,1,1,1,'2018-08-07 15:03:37','some title'),(725,1,1,0,'2018-08-07 16:03:12','New post'),(726,1,1,0,'2018-08-07 16:03:12','New post'),(727,1,1,1,'2018-08-07 16:03:12','some title'),(728,1,1,0,'2018-08-07 16:24:58','New post'),(729,1,1,0,'2018-08-07 16:24:58','New post'),(730,1,1,1,'2018-08-07 16:24:58','some title'),(731,1,1,0,'2018-08-07 16:34:50','New post'),(732,1,1,0,'2018-08-07 16:34:50','New post'),(733,1,1,1,'2018-08-07 16:34:50','some title'),(734,1,1,0,'2018-08-09 14:57:43','New post'),(735,1,1,0,'2018-08-09 14:57:43','New post'),(736,1,1,1,'2018-08-09 14:57:43','some title'),(737,1,1,0,'2018-08-14 13:13:16','New post'),(738,1,1,0,'2018-08-14 13:13:16','New post'),(739,1,1,1,'2018-08-14 13:13:16','some title'),(740,1,1,0,'2018-08-20 12:46:06','New post'),(741,1,1,0,'2018-08-20 12:46:06','New post'),(742,1,1,1,'2018-08-20 12:46:06','some title'),(743,1,1,0,'2018-08-20 12:47:49','New post'),(744,1,1,0,'2018-08-20 12:47:49','New post'),(745,1,1,1,'2018-08-20 12:47:49','some title'),(746,1,1,0,'2018-08-21 11:09:22','New post'),(747,1,1,0,'2018-08-21 11:09:22','New post'),(748,1,1,1,'2018-08-21 11:09:22','some title'),(749,1,1,0,'2018-08-21 11:09:24','New post'),(750,1,1,0,'2018-08-21 11:09:24','New post'),(751,1,1,1,'2018-08-21 11:09:24','some title'),(752,1,1,0,'2018-08-21 11:10:32','New post'),(753,1,1,0,'2018-08-21 11:10:32','New post'),(754,1,1,1,'2018-08-21 11:10:32','some title'),(755,1,1,0,'2018-08-21 11:10:33','New post'),(756,1,1,0,'2018-08-21 11:10:33','New post'),(757,1,1,1,'2018-08-21 11:10:33','some title'),(758,1,1,0,'2018-08-21 11:10:37','New post'),(759,1,1,0,'2018-08-21 11:10:37','New post'),(760,1,1,1,'2018-08-21 11:10:37','some title'),(761,1,1,0,'2018-08-21 11:10:38','New post'),(762,1,1,0,'2018-08-21 11:10:38','New post'),(763,1,1,1,'2018-08-21 11:10:38','some title'),(764,1,1,0,'2018-08-21 11:10:39','New post'),(765,1,1,0,'2018-08-21 11:10:39','New post'),(766,1,1,1,'2018-08-21 11:10:39','some title'),(767,1,1,0,'2018-08-21 11:10:40','New post'),(768,1,1,0,'2018-08-21 11:10:40','New post'),(769,1,1,1,'2018-08-21 11:10:40','some title'),(770,1,1,0,'2018-08-21 11:10:41','New post'),(771,1,1,0,'2018-08-21 11:10:41','New post'),(772,1,1,1,'2018-08-21 11:10:41','some title'),(773,1,1,0,'2018-08-21 11:11:03','New post'),(774,1,1,0,'2018-08-21 11:11:03','New post'),(775,1,1,1,'2018-08-21 11:11:03','some title'),(776,1,1,0,'2018-08-21 11:14:41','New post'),(777,1,1,0,'2018-08-21 11:14:41','New post'),(778,1,1,1,'2018-08-21 11:14:41','some title'),(779,1,1,0,'2018-08-21 11:16:05','New post'),(780,1,1,0,'2018-08-21 11:16:05','New post'),(781,1,1,1,'2018-08-21 11:16:05','some title'),(782,1,1,0,'2018-08-21 12:08:50','New post'),(783,1,1,0,'2018-08-21 12:08:50','New post'),(784,1,1,1,'2018-08-21 12:08:50','some title'),(785,1,1,0,'2018-08-21 12:09:02','New post'),(786,1,1,0,'2018-08-21 12:09:02','New post'),(787,1,1,1,'2018-08-21 12:09:02','some title'),(788,1,1,0,'2018-08-21 12:18:28','New post'),(789,1,1,0,'2018-08-21 12:18:28','New post'),(790,1,1,1,'2018-08-21 12:18:28','some title'),(791,1,1,0,'2018-08-21 13:11:16','New post'),(792,1,1,0,'2018-08-21 13:11:16','New post'),(793,1,1,1,'2018-08-21 13:11:16','some title'),(794,1,1,0,'2018-08-21 13:32:47','New post'),(795,1,1,0,'2018-08-21 13:32:47','New post'),(796,1,1,1,'2018-08-21 13:32:47','some title'),(797,1,1,0,'2018-08-21 14:00:21','New post'),(798,1,1,0,'2018-08-21 14:00:21','New post'),(799,1,1,1,'2018-08-21 14:00:21','some title'),(800,1,1,0,'2018-08-21 14:02:32','New post'),(801,1,1,0,'2018-08-21 14:02:32','New post'),(802,1,1,1,'2018-08-21 14:02:32','some title'),(803,1,1,0,'2018-08-21 14:05:45','New post'),(804,1,1,0,'2018-08-21 14:05:45','New post'),(805,1,1,1,'2018-08-21 14:05:45','some title'),(806,1,1,0,'2018-08-21 14:09:49','New post'),(807,1,1,0,'2018-08-21 14:09:49','New post'),(808,1,1,1,'2018-08-21 14:09:49','some title'),(809,1,1,0,'2018-08-21 14:10:11','New post'),(810,1,1,0,'2018-08-21 14:10:11','New post'),(811,1,1,1,'2018-08-21 14:10:11','some title'),(812,1,1,0,'2018-08-21 14:10:46','New post'),(813,1,1,0,'2018-08-21 14:10:46','New post'),(814,1,1,1,'2018-08-21 14:10:46','some title'),(815,1,1,0,'2018-08-21 14:49:30','New post'),(816,1,1,0,'2018-08-21 14:49:43','New post'),(818,1,1,0,'2018-08-21 14:53:27','New post'),(819,1,1,0,'2018-08-21 14:53:27','New post'),(821,1,1,0,'2018-08-21 14:53:37','New post'),(822,1,1,0,'2018-08-21 14:53:37','New post'),(824,1,1,0,'2018-08-21 15:19:49','New post'),(825,1,1,0,'2018-08-21 15:19:49','New post'),(826,1,1,1,'2018-08-21 15:19:49','some title'),(827,1,1,0,'2018-08-21 15:24:18','New post'),(828,1,1,0,'2018-08-21 15:24:18','New post'),(829,1,1,1,'2018-08-21 15:24:18','some title'),(830,1,1,0,'2018-08-21 15:25:15','New post'),(831,1,1,0,'2018-08-21 15:25:15','New post'),(833,1,1,0,'2018-08-21 15:31:02','New post'),(834,1,1,0,'2018-08-21 15:31:02','New post'),(836,1,1,0,'2018-08-21 15:32:04','New post'),(837,1,1,0,'2018-08-21 15:32:04','New post'),(839,1,1,0,'2018-08-21 15:34:41','New post'),(840,1,1,0,'2018-08-21 15:34:41','New post'),(842,1,1,0,'2018-08-21 15:34:54','New post'),(843,1,1,0,'2018-08-21 15:34:54','New post'),(845,1,1,0,'2018-08-21 15:35:09','New post'),(846,1,1,0,'2018-08-21 15:35:09','New post'),(848,1,1,0,'2018-08-21 15:35:20','New post'),(849,1,1,0,'2018-08-21 15:35:20','New post'),(851,1,1,0,'2018-08-21 15:36:21','New post'),(852,1,1,0,'2018-08-21 15:36:21','New post'),(854,1,1,0,'2018-08-21 15:41:15','New post'),(855,1,1,0,'2018-08-21 15:41:15','New post'),(856,1,1,0,'2018-08-23 14:46:30','New post'),(857,1,1,0,'2018-08-23 14:46:30','New post'),(859,1,1,0,'2018-08-24 09:50:26','New post'),(860,1,1,0,'2018-08-24 09:50:26','New post'),(862,1,1,0,'2018-08-24 09:50:45','New post'),(863,1,1,0,'2018-08-24 09:50:45','New post'),(865,1,1,0,'2018-08-24 09:52:48','New post'),(866,1,1,0,'2018-08-24 09:52:48','New post'),(868,1,1,0,'2018-08-24 09:56:04','New post'),(869,1,1,0,'2018-08-24 09:56:04','New post'),(871,1,1,0,'2018-08-24 09:58:11','New post'),(872,1,1,0,'2018-08-24 09:58:11','New post'),(874,1,1,0,'2018-08-24 09:58:20','New post'),(875,1,1,0,'2018-08-24 09:58:20','New post'),(877,1,1,0,'2018-08-24 09:58:21','New post'),(878,1,1,0,'2018-08-24 09:58:21','New post'),(880,1,1,0,'2018-08-24 11:34:47','New post'),(881,1,1,0,'2018-08-24 11:34:47','New post'),(883,1,1,0,'2018-08-24 11:36:00','New post'),(884,1,1,0,'2018-08-24 11:36:00','New post'),(886,1,1,0,'2018-08-24 11:36:50','New post'),(887,1,1,0,'2018-08-24 11:36:50','New post'),(889,1,1,0,'2018-08-24 11:38:18','New post'),(890,1,1,0,'2018-08-24 11:38:18','New post'),(892,1,1,0,'2018-08-24 11:38:33','New post'),(893,1,1,0,'2018-08-24 11:38:33','New post'),(895,1,1,0,'2018-08-24 11:40:01','New post'),(896,1,1,0,'2018-08-24 11:40:01','New post'),(898,1,1,0,'2018-08-24 11:42:25','New post'),(899,1,1,0,'2018-08-24 11:42:25','New post'),(901,1,1,0,'2018-08-24 11:42:26','New post'),(902,1,1,0,'2018-08-24 11:42:26','New post'),(904,1,1,0,'2018-08-24 11:42:27','New post'),(905,1,1,0,'2018-08-24 11:42:27','New post'),(907,1,1,0,'2018-08-24 11:42:36','New post'),(908,1,1,0,'2018-08-24 11:42:36','New post'),(910,1,1,0,'2018-08-24 11:45:39','New post'),(911,1,1,0,'2018-08-24 11:45:39','New post'),(913,1,1,0,'2018-08-24 13:46:39','New post'),(914,1,1,0,'2018-08-24 13:46:39','New post'),(916,1,1,0,'2018-08-24 13:48:22','New post'),(917,1,1,0,'2018-08-24 13:48:22','New post'),(919,1,1,0,'2018-08-24 13:57:27','New post'),(920,1,1,0,'2018-08-24 13:57:27','New post'),(922,1,1,0,'2018-08-24 13:57:58','New post'),(923,1,1,0,'2018-08-24 13:57:58','New post'),(924,1,1,0,'2018-08-28 13:25:41','New post'),(925,1,1,0,'2018-08-28 13:25:41','New post'),(927,1,1,0,'2018-08-28 15:50:25','New post'),(928,1,1,0,'2018-08-28 15:50:25','New post'),(930,1,1,0,'2018-08-31 15:05:21','New post'),(931,1,1,0,'2018-08-31 15:05:21','New post'),(932,1,1,0,'2018-10-31 14:42:21','New post'),(933,1,1,0,'2018-10-31 14:42:21','New post'),(934,1,1,0,'2018-11-08 12:31:11','New post'),(935,1,1,0,'2018-11-08 12:31:11','New post'),(936,1,1,0,'2018-11-16 10:29:45','New post'),(937,1,1,0,'2018-11-16 10:29:45','New post'),(939,1,1,0,'2018-11-16 10:50:45','New post'),(940,1,1,0,'2018-11-16 10:50:45','New post'),(942,1,1,0,'2018-11-16 10:53:28','New post'),(943,1,1,0,'2018-11-16 10:53:28','New post'),(945,1,1,0,'2018-11-16 10:54:03','New post'),(946,1,1,0,'2018-11-16 10:54:03','New post'),(948,1,1,0,'2018-11-16 11:39:25','New post'),(949,1,1,0,'2018-11-16 11:39:25','New post');
/*!40000 ALTER TABLE `post` ENABLE KEYS */;
UNLOCK TABLES;

--
-- Table structure for table `theme`
--

DROP TABLE IF EXISTS `theme`;
/*!40101 SET @saved_cs_client     = @@character_set_client */;
/*!40101 SET character_set_client = utf8 */;
CREATE TABLE `theme` (
  `id` int(11) NOT NULL AUTO_INCREMENT,
  `title` varchar(255) NOT NULL,
  PRIMARY KEY (`id`)
) ENGINE=InnoDB AUTO_INCREMENT=4 DEFAULT CHARSET=utf8;
/*!40101 SET character_set_client = @saved_cs_client */;

--
-- Dumping data for table `theme`
--

LOCK TABLES `theme` WRITE;
/*!40000 ALTER TABLE `theme` DISABLE KEYS */;
INSERT INTO `theme` VALUES (1,'test theme'),(2,'test theme 2'),(3,'test theme 3');
/*!40000 ALTER TABLE `theme` ENABLE KEYS */;
UNLOCK TABLES;

--
-- Table structure for table `user_profile`
--

DROP TABLE IF EXISTS `user_profile`;
/*!40101 SET @saved_cs_client     = @@character_set_client */;
/*!40101 SET character_set_client = utf8 */;
CREATE TABLE `user_profile` (
  `id` int(11) NOT NULL AUTO_INCREMENT,
  `user_id` int(11) NOT NULL,
  `first_name` varchar(255) NOT NULL,
  `last_name` varchar(255) NOT NULL,
  PRIMARY KEY (`id`)
) ENGINE=InnoDB AUTO_INCREMENT=291 DEFAULT CHARSET=utf8;
/*!40101 SET character_set_client = @saved_cs_client */;

--
-- Dumping data for table `user_profile`
--

LOCK TABLES `user_profile` WRITE;
/*!40000 ALTER TABLE `user_profile` DISABLE KEYS */;
INSERT INTO `user_profile` VALUES (1,1,'test','test'),(2,1,'test','test'),(3,1,'test','test'),(4,1,'test','test'),(5,1,'test','test'),(6,1,'test','test'),(7,1,'test','test'),(8,1,'test','test'),(9,1,'test','test'),(10,1,'test','test'),(11,1,'test','test'),(12,1,'test','test'),(13,1,'test','test'),(14,1,'test','test'),(15,1,'test','test'),(16,1,'test','test'),(17,1,'test','test'),(18,1,'test','test'),(19,1,'test','test'),(20,1,'test','test'),(21,1,'test','test'),(22,1,'test','test'),(23,1,'test','test'),(24,1,'test','test'),(25,1,'test','test'),(26,1,'test','test'),(27,1,'test','test'),(28,1,'test','test'),(29,1,'test','test'),(30,1,'test','test'),(31,1,'test','test'),(32,1,'test','test'),(33,1,'test','test'),(34,1,'test','test'),(35,1,'test','test'),(36,1,'test','test'),(37,1,'test','test'),(38,1,'test','test'),(39,1,'test','test'),(40,1,'test','test'),(41,1,'test','test'),(42,1,'test','test'),(43,1,'test','test'),(44,1,'test','test'),(45,1,'test','test'),(46,1,'test','test'),(47,1,'test','test'),(48,1,'test','test'),(49,1,'test','test'),(50,1,'test','test'),(51,1,'test','test'),(52,1,'test','test'),(53,1,'test','test'),(54,1,'test','test'),(55,1,'test','test'),(56,1,'test','test'),(57,1,'test','test'),(58,1,'test','test'),(59,1,'test','test'),(60,1,'test','test'),(61,1,'test','test'),(62,1,'test','test'),(63,1,'test','test'),(64,1,'test','test'),(65,1,'test','test'),(66,1,'test','test'),(67,1,'test','test'),(68,1,'test','test'),(69,1,'test','test'),(70,1,'test','test'),(71,1,'test','test'),(72,1,'test','test'),(73,1,'test','test'),(74,1,'test','test'),(75,1,'test','test'),(76,1,'test','test'),(77,1,'test','test'),(78,1,'test','test'),(79,1,'test','test'),(80,1,'test','test'),(81,1,'test','test'),(82,1,'test','test'),(83,1,'test','test'),(84,1,'test','test'),(85,1,'test','test'),(86,1,'test','test'),(87,1,'test','test'),(88,1,'test','test'),(89,1,'test','test'),(90,1,'test','test'),(91,1,'test','test'),(92,1,'test','test'),(93,1,'test','test'),(94,1,'test','test'),(95,1,'test','test'),(96,1,'test','test'),(97,1,'test','test'),(98,1,'test','test'),(99,1,'test','test'),(100,1,'test','test'),(101,1,'test','test'),(102,1,'test','test'),(103,1,'test','test'),(104,1,'test','test'),(105,1,'test','test'),(106,1,'test','test'),(107,1,'test','test'),(108,1,'test','test'),(109,1,'test','test'),(110,1,'test','test'),(111,1,'test','test'),(112,1,'test','test'),(113,1,'test','test'),(114,1,'test','test'),(115,1,'test','test'),(116,1,'test','test'),(117,1,'test','test'),(118,1,'test','test'),(119,1,'test','test'),(120,1,'test','test'),(121,1,'test','test'),(122,1,'test','test'),(123,1,'test','test'),(124,1,'test','test'),(125,1,'test','test'),(126,1,'test','test'),(127,1,'test','test'),(128,1,'test','test'),(129,1,'test','test'),(130,1,'test','test'),(131,1,'test','test'),(132,1,'test','test'),(133,1,'test','test'),(134,1,'test','test'),(135,1,'test','test'),(136,1,'test','test'),(137,1,'test','test'),(138,1,'test','test'),(139,1,'test','test'),(140,1,'test','test'),(141,1,'test','test'),(142,1,'test','test'),(143,1,'test','test'),(144,1,'test','test'),(145,1,'test','test'),(146,1,'test','test'),(147,1,'test','test'),(148,1,'test','test'),(149,1,'test','test'),(150,1,'test','test'),(151,1,'test','test'),(152,1,'test','test'),(153,1,'test','test'),(154,1,'test','test'),(155,1,'test','test'),(156,1,'test','test'),(157,1,'test','test'),(158,1,'test','test'),(159,1,'test','test'),(160,1,'test','test'),(161,1,'test','test'),(162,1,'test','test'),(163,1,'test','test'),(164,1,'test','test'),(165,1,'test','test'),(166,1,'test','test'),(167,1,'test','test'),(168,1,'test','test'),(169,1,'test','test'),(170,1,'test','test'),(171,1,'test','test'),(172,1,'test','test'),(173,1,'test','test'),(174,1,'test','test'),(175,1,'test','test'),(176,1,'test','test'),(177,1,'test','test'),(178,1,'test','test'),(179,1,'test','test'),(180,1,'test','test'),(181,1,'test','test'),(182,1,'test','test'),(183,1,'test','test'),(184,1,'test','test'),(185,1,'test','test'),(186,1,'test','test'),(187,1,'test','test'),(188,1,'test','test'),(189,1,'test','test'),(190,1,'test','test'),(191,1,'test','test'),(192,1,'test','test'),(193,1,'test','test'),(194,1,'test','test'),(195,1,'test','test'),(196,1,'test','test'),(197,2,'test','test'),(198,1,'test','test'),(199,1,'test','test'),(200,1,'test','test'),(201,1,'test','test'),(202,1,'test','test'),(203,1,'test','test'),(204,1,'test','test'),(205,1,'test','test'),(206,1,'test','test'),(207,1,'test','test'),(208,1,'test','test'),(209,1,'test','test'),(210,1,'test','test'),(211,1,'test','test'),(212,1,'test','test'),(213,1,'test','test'),(214,1,'test','test'),(215,1,'test','test'),(216,1,'test','test'),(217,1,'test','test'),(218,1,'test','test'),(219,1,'test','test'),(220,1,'test','test'),(221,1,'test','test'),(222,1,'test','test'),(223,1,'test','test'),(224,1,'test','test'),(225,1,'test','test'),(226,1,'test','test'),(227,1,'test','test'),(228,1,'test','test'),(229,1,'test','test'),(230,1,'test','test'),(231,1,'test','test'),(232,1,'test','test'),(233,1,'test','test'),(234,1,'test','test'),(235,1,'test','test'),(236,1,'test','test'),(237,1,'test','test'),(238,1,'test','test'),(239,1,'test','test'),(240,1,'test','test'),(241,1,'test','test'),(242,1,'test','test'),(243,1,'test','test'),(244,1,'test','test'),(245,1,'test','test'),(246,1,'test','test'),(247,1,'test','test'),(248,1,'test','test'),(249,1,'test','test'),(250,1,'test','test'),(251,1,'test','test'),(252,1,'test','test'),(253,1,'test','test'),(254,1,'test','test'),(255,1,'test','test'),(256,1,'test','test'),(257,1,'test','test'),(258,1,'test','test'),(259,1,'test','test'),(260,1,'test','test'),(261,1,'test','test'),(262,1,'test','test'),(263,1,'test','test'),(264,1,'test','test'),(265,1,'test','test'),(266,1,'test','test'),(267,1,'test','test'),(268,1,'test','test'),(269,1,'test','test'),(270,1,'test','test'),(271,1,'test','test'),(272,1,'test','test'),(273,1,'test','test'),(274,1,'test','test'),(275,1,'test','test'),(276,1,'test','test'),(277,1,'test','test'),(278,1,'test','test'),(279,1,'test','test'),(280,1,'test','test'),(281,1,'test','test'),(282,1,'test','test'),(283,1,'test','test'),(284,1,'test','test'),(285,1,'test','test'),(286,1,'test','test'),(287,1,'test','test'),(288,1,'test','test'),(289,1,'test','test'),(290,1,'test','test');
/*!40000 ALTER TABLE `user_profile` ENABLE KEYS */;
UNLOCK TABLES;

--
-- Table structure for table `users`
--

DROP TABLE IF EXISTS `users`;
/*!40101 SET @saved_cs_client     = @@character_set_client */;
/*!40101 SET character_set_client = utf8 */;
CREATE TABLE `users` (
  `id` int(11) NOT NULL AUTO_INCREMENT,
  `name` varchar(30) NOT NULL,
  `profile_id` int(11) DEFAULT NULL,
  PRIMARY KEY (`id`)
) ENGINE=InnoDB AUTO_INCREMENT=431 DEFAULT CHARSET=utf8;
/*!40101 SET character_set_client = @saved_cs_client */;

--
-- Dumping data for table `users`
--

LOCK TABLES `users` WRITE;
/*!40000 ALTER TABLE `users` DISABLE KEYS */;
INSERT INTO `users` VALUES (1,'Test change name',1),(2,'Test change name',2),(3,'Test change name',NULL),(4,'Test change name',NULL),(5,'Test change name',NULL),(6,'Test change name',NULL),(7,'Test change name',NULL),(8,'Test change name',NULL),(9,'Test change name',NULL),(10,'Test change name',NULL),(11,'Test change name',NULL),(12,'Test change name',NULL),(13,'Test change name',NULL),(14,'Test change name',NULL),(15,'Test change name',NULL),(16,'Test change name',NULL),(17,'Test change name',NULL),(18,'Test change name',NULL),(19,'Test change name',NULL),(20,'Test change name',NULL),(21,'Test change name',NULL),(22,'Test change name',NULL),(23,'Test change name',NULL),(24,'Test change name',NULL),(25,'Test change name',NULL),(26,'Test change name',NULL),(27,'Test change name',NULL),(28,'Test change name',NULL),(29,'Test change name',NULL),(30,'Test change name',NULL),(31,'Test change name',NULL),(32,'Test change name',NULL),(33,'Test change name',NULL),(34,'Test change name',NULL),(35,'Test change name',NULL),(36,'Test change name',NULL),(37,'Test change name',NULL),(38,'Test change name',NULL),(39,'Test change name',NULL),(40,'Test change name',NULL),(41,'Test change name',NULL),(42,'Test change name',NULL),(43,'Test change name',NULL),(44,'Test change name',NULL),(45,'Test change name',NULL),(46,'Test change name',NULL),(47,'Test change name',NULL),(48,'Test change name',NULL),(49,'Test change name',NULL),(50,'Test change name',NULL),(51,'Test change name',NULL),(52,'Test change name',NULL),(53,'Test change name',NULL),(54,'Test change name',NULL),(55,'Test change name',NULL),(56,'Test change name',NULL),(57,'Test change name',NULL),(58,'Test change name',NULL),(59,'Test change name',NULL),(60,'Test change name',NULL),(61,'Test change name',NULL),(62,'Test change name',NULL),(63,'Test change name',NULL),(64,'Test change name',NULL),(65,'Test change name',NULL),(66,'Test change name',NULL),(67,'Test change name',NULL),(68,'Test change name',NULL),(69,'Test change name',NULL),(70,'Test change name',NULL),(71,'Test change name',NULL),(72,'Test change name',NULL),(73,'Test change name',NULL),(74,'Test change name',NULL),(75,'Test change name',NULL),(76,'Test change name',NULL),(77,'Test change name',NULL),(78,'Test change name',NULL),(79,'Test change name',NULL),(80,'Test change name',NULL),(81,'Test change name',NULL),(82,'Test change name',NULL),(83,'Test change name',NULL),(84,'Test change name',NULL),(85,'Test change name',NULL),(86,'Test change name',NULL),(87,'Test change name',NULL),(88,'Test change name',NULL),(89,'Test change name',NULL),(90,'Test change name',NULL),(91,'Test change name',NULL),(92,'Test change name',NULL),(93,'Test change name',NULL),(94,'Test change name',NULL),(95,'Test change name',NULL),(96,'Test change name',NULL),(97,'Test change name',NULL),(98,'Test change name',NULL),(99,'Test change name',NULL),(100,'Test change name',NULL),(101,'Test change name',NULL),(102,'Test change name',NULL),(103,'Test change name',NULL),(104,'Test change name',NULL),(105,'Test change name',NULL),(106,'Test change name',NULL),(107,'Test change name',NULL),(108,'Test change name',NULL),(109,'Test change name',NULL),(110,'Test change name',NULL),(111,'Test change name',NULL),(112,'Test change name',NULL),(113,'Test change name',NULL),(114,'Test change name',NULL),(115,'Test change name',NULL),(116,'Test change name',NULL),(117,'Test change name',NULL),(118,'Test change name',NULL),(119,'Test change name',NULL),(120,'Test change name',NULL),(121,'Test change name',NULL),(122,'Test change name',NULL),(123,'Test change name',NULL),(124,'Test change name',NULL),(125,'Test change name',NULL),(126,'Test change name',NULL),(127,'Test change name',NULL),(128,'Test change name',NULL),(129,'Test change name',NULL),(130,'Test change name',NULL),(131,'Test change name',NULL),(132,'Test change name',NULL),(133,'Test change name',NULL),(134,'Test change name',NULL),(135,'Test change name',NULL),(136,'Test change name',NULL),(137,'Test change name',NULL),(138,'Test change name',NULL),(139,'Test change name',NULL),(140,'Test change name',NULL),(141,'Test change name',NULL),(142,'Test change name',NULL),(143,'Test change name',NULL),(144,'Test change name',NULL),(145,'Test change name',NULL),(146,'Test change name',NULL),(147,'Test change name',NULL),(148,'Test change name',NULL),(149,'Test change name',NULL),(150,'Test change name',NULL),(151,'Test change name',NULL),(152,'Test change name',NULL),(153,'Test change name',NULL),(154,'Test change name',NULL),(155,'Test change name',NULL),(156,'Test change name',NULL),(157,'Test change name',NULL),(158,'Test change name',NULL),(159,'Test change name',NULL),(160,'Test change name',NULL),(161,'Test change name',NULL),(162,'Test change name',NULL),(163,'Test change name',NULL),(164,'Test change name',NULL),(165,'Test change name',NULL),(166,'Test change name',NULL),(167,'Test change name',NULL),(168,'Test change name',NULL),(169,'Test change name',NULL),(170,'Test change name',NULL),(171,'Test change name',NULL),(172,'Test change name',NULL),(173,'Test change name',NULL),(174,'Test change name',NULL),(175,'Test change name',NULL),(176,'Test change name',NULL),(177,'Test change name',NULL),(178,'Test change name',NULL),(179,'Test change name',NULL),(180,'Test change name',NULL),(181,'Test change name',NULL),(182,'Test change name',NULL),(183,'Test change name',NULL),(184,'Test change name',NULL),(185,'Test change name',NULL),(186,'Test change name',NULL),(187,'Test change name',NULL),(188,'Test change name',NULL),(189,'Test change name',NULL),(190,'Test change name',NULL),(191,'Test change name',NULL),(192,'Test change name',NULL),(193,'Test change name',NULL),(194,'Test change name',NULL),(195,'Test change name',NULL),(196,'Test change name',NULL),(197,'Test change name',NULL),(198,'Test change name',NULL),(199,'Test change name',NULL),(200,'Test change name',NULL),(201,'Test change name',NULL),(202,'Test change name',NULL),(203,'Test change name',NULL),(204,'Test change name',NULL),(205,'Test change name',NULL),(206,'Test change name',NULL),(207,'Test change name',NULL),(208,'Test change name',NULL),(209,'Test change name',NULL),(210,'Test change name',NULL),(211,'Test change name',NULL),(212,'Test change name',NULL),(213,'Test change name',NULL),(214,'Test change name',NULL),(215,'Test change name',NULL),(216,'Test change name',NULL),(217,'Test change name',NULL),(218,'Test change name',NULL),(219,'1ff4c0d6880d9c0',NULL),(220,'6446763917b4dca',NULL),(221,'462eb15203dd7bc',NULL),(222,'1d1f62abc6d34e1',NULL),(223,'abb80204185de87',NULL),(224,'Test name',NULL),(225,'Test name',NULL),(226,'Test name',NULL),(227,'a97daab8f8df10f',NULL),(228,'7f70a221e9c7587',NULL),(229,'501491628851f37',NULL),(230,'1298e8aefcdfb69',NULL),(231,'a95ca44b0f7ba30',NULL),(232,'fb31f9914594b0d',NULL),(233,'c487dc782863f64',NULL),(234,'e7e11256ba60693',NULL),(235,'34b0321be97d5c1',NULL),(236,'a11ffe5f9fcb601',NULL),(237,'090800553339fc8',NULL),(238,'a0cc4feec1ff4f3',NULL),(239,'27d837f5a42ef8b',NULL),(240,'Test name',NULL),(241,'6a5972f0d9afc5e',NULL),(242,'8e9d06e33718ddc',NULL),(243,'0fc4e7ba73e6aac',NULL),(244,'612a067d8f0a912',NULL),(245,'6003a5b523e7f2c',NULL),(246,'New name',NULL),(247,'1e545724f00b1e6',NULL),(248,'New name',NULL),(249,'67a40d725562166',NULL),(250,'New name',NULL),(251,'ac1763d0291318d',NULL),(252,'New name',NULL),(253,'bba6d83de8fe356',NULL),(254,'New name',NULL),(255,'b744321ff4246b3',NULL),(256,'New name',NULL),(257,'d698bd21eed462f',NULL),(258,'New name',NULL),(259,'cf88e40c41a2c75',NULL),(260,'New name',NULL),(261,'ab53475547d448a',NULL),(262,'New name',NULL),(263,'e99a04e9a8014fb',NULL),(264,'New name',NULL),(265,'67b7a667d418052',NULL),(266,'New name',NULL),(267,'67a13357a0fc692',NULL),(268,'New name',NULL),(269,'0ebbbdbf527ac7b',NULL),(270,'New name',NULL),(271,'f103c2013be75e4',NULL),(272,'New name',NULL),(273,'cc8c2aeb1350f41',NULL),(274,'New name',NULL),(275,'b844be89de2f61d',NULL),(276,'New name',NULL),(277,'90b88f1eace7625',NULL),(278,'New name',NULL),(279,'Test name',NULL),(280,'New name',NULL),(281,'Test name',NULL),(282,'New name',NULL),(283,'Test name',NULL),(284,'Test name',NULL),(285,'Test name',NULL),(286,'Test name',NULL),(287,'20e62762c62998f',NULL),(288,'New name',NULL),(289,'77a080a19c24e8f',NULL),(290,'New name',NULL),(291,'fa1370704afff92',NULL),(292,'New name',NULL),(293,'4625dc0c99bc8ea',NULL),(294,'New name',NULL),(295,'451df7806407abf',NULL),(296,'New name',NULL),(297,'a0ca09e3ca178c7',NULL),(298,'New name',NULL),(299,'8fce8eb3d47541d',NULL),(300,'New name',NULL),(301,'2fdb91299aaa8d6',NULL),(302,'New name',NULL),(303,'397a3fa5f3b6a02',NULL),(304,'New name',NULL),(305,'09f3b5a237360a0',NULL),(306,'New name',NULL),(307,'4e732f3e6e905d8',NULL),(308,'New name',NULL),(309,'cd94cee45877e00',NULL),(310,'New name',NULL),(311,'83fd630e046c039',NULL),(312,'New name',NULL),(313,'c6535e38fc43ff9',NULL),(314,'New name',NULL),(315,'78e9c62cf5f77ec',NULL),(316,'New name',NULL),(317,'e87b19e3da7dd1a',NULL),(318,'New name',NULL),(319,'Test name',NULL),(320,'New name',NULL),(321,'259e104ca95012a',NULL),(322,'New name',NULL),(323,'3956b57d0ac3027',NULL),(324,'New name',NULL),(325,'e1c067c28a36382',NULL),(326,'New name',NULL),(327,'5b4b7ee923261a9',NULL),(328,'New name',NULL),(329,'0c6668da0a4feb4',NULL),(330,'New name',NULL),(331,'07aafa929fcf148',NULL),(332,'New name',NULL),(333,'7494bda94ca8a6d',NULL),(334,'New name',NULL),(335,'2a1cd23bfa322cf',NULL),(336,'New name',NULL),(337,'6c21c25942c1a3b',NULL),(338,'New name',NULL),(339,'7b93a0c3e5db758',NULL),(340,'New name',NULL),(341,'21b5132f1a45631',NULL),(342,'New name',NULL),(343,'f570a73470b56f3',NULL),(344,'70210fb662a55a1',NULL),(345,'c3948473196366b',NULL),(346,'New name',NULL),(347,'ccaf752e0ae2db5',NULL),(348,'New name',NULL),(349,'a2a4a10da6bdfdd',NULL),(350,'New name',NULL),(351,'0d84e9d73289730',NULL),(352,'New name',NULL),(353,'abce30e2941e427',NULL),(354,'New name',NULL),(355,'becd3796eca21b8',NULL),(356,'New name',NULL),(357,'dbc6d8b55bd8224',NULL),(358,'New name',NULL),(359,'09e8dd8b42b940a',NULL),(360,'New name',NULL),(361,'85800cae84fb9fc',NULL),(362,'New name',NULL),(363,'a4343e1c741b410',NULL),(364,'New name',NULL),(365,'05f7910f4c9f14e',NULL),(366,'New name',NULL),(367,'92c64b4a4a4d738',NULL),(368,'ffb57dadd538a39',NULL),(369,'New name',NULL),(370,'bfcd329b26bfc27',NULL),(371,'New name',NULL),(372,'7dd5eb57b0dfbc3',NULL),(373,'New name',NULL),(374,'b19bfe2ab87b3a2',NULL),(375,'New name',NULL),(376,'299fc76908804f8',NULL),(377,'New name',NULL),(378,'ed2e5ec452a9261',NULL),(379,'New name',NULL),(380,'3ba2fdb3a7b61b4',NULL),(381,'New name',NULL),(382,'cf7f700a2032a8c',NULL),(383,'New name',NULL),(384,'9661fab8777e498',NULL),(385,'New name',NULL),(386,'ff48e5f3be26210',NULL),(387,'New name',NULL),(388,'ea7c0f1b0fbb65f',NULL),(389,'New name',NULL),(390,'e9b97e8aab8d856',NULL),(391,'New name',NULL),(392,'8221f6de3f169f3',NULL),(393,'New name',NULL),(394,'1fd4b71d9fde27b',NULL),(395,'New name',NULL),(396,'a669127c915d9ea',NULL),(397,'New name',NULL),(398,'ee79a965641ff99',NULL),(399,'New name',NULL),(400,'Test name',NULL),(401,'New name',NULL),(402,'3c2caa51b4b3d52',NULL),(403,'New name',NULL),(404,'f86f96fdac534e4',NULL),(405,'New name',NULL),(406,'0b0fa6deda67f08',NULL),(407,'New name',NULL),(408,'c7770ab9bef7e12',NULL),(409,'New name',NULL),(410,'93834b8d34eb8d7',NULL),(411,'New name',NULL),(412,'Test name',NULL),(413,'New name',NULL),(414,'8cdd7e299db2cef',NULL),(415,'New name',NULL),(416,'8dc4fb635ab7948',NULL),(417,'New name',NULL),(418,'258dfd8ac90fa08',NULL),(419,'461565b1b737130',NULL),(420,'New name',NULL),(421,'50ab48b19499261',NULL),(422,'New name',NULL),(423,'c333ef7c80c970d',NULL),(424,'New name',NULL),(425,'c820b334c00a68f',NULL),(426,'New name',NULL),(427,'b9710a9da0808ab',NULL),(428,'New name',NULL),(429,'a39efa5d1d780af',NULL),(430,'New name',NULL);
/*!40000 ALTER TABLE `users` ENABLE KEYS */;
UNLOCK TABLES;
/*!40103 SET TIME_ZONE=@OLD_TIME_ZONE */;

/*!40101 SET SQL_MODE=@OLD_SQL_MODE */;
/*!40014 SET FOREIGN_KEY_CHECKS=@OLD_FOREIGN_KEY_CHECKS */;
/*!40014 SET UNIQUE_CHECKS=@OLD_UNIQUE_CHECKS */;
/*!40101 SET CHARACTER_SET_CLIENT=@OLD_CHARACTER_SET_CLIENT */;
/*!40101 SET CHARACTER_SET_RESULTS=@OLD_CHARACTER_SET_RESULTS */;
/*!40101 SET COLLATION_CONNECTION=@OLD_COLLATION_CONNECTION */;
/*!40111 SET SQL_NOTES=@OLD_SQL_NOTES */;

-- Dump completed on 2018-11-16 13:40:07
