-- MySQL dump 10.13  Distrib 5.7.21, for Linux (x86_64)
--
-- Host: localhost    Database: test
-- ------------------------------------------------------
-- Server version	5.7.21

/*!40101 SET @OLD_CHARACTER_SET_CLIENT=@@CHARACTER_SET_CLIENT */;
/*!40101 SET @OLD_CHARACTER_SET_RESULTS=@@CHARACTER_SET_RESULTS */;
/*!40101 SET @OLD_COLLATION_CONNECTION=@@COLLATION_CONNECTION */;
/*!40101 SET NAMES utf8 */;
/*!40103 SET @OLD_TIME_ZONE=@@TIME_ZONE */;
/*!40103 SET TIME_ZONE='+00:00' */;
/*!40014 SET @OLD_UNIQUE_CHECKS=@@UNIQUE_CHECKS, UNIQUE_CHECKS=0 */;
/*!40014 SET @OLD_FOREIGN_KEY_CHECKS=@@FOREIGN_KEY_CHECKS, FOREIGN_KEY_CHECKS=0 */;
/*!40101 SET @OLD_SQL_MODE=@@SQL_MODE, SQL_MODE='NO_AUTO_VALUE_ON_ZERO' */;
/*!40111 SET @OLD_SQL_NOTES=@@SQL_NOTES, SQL_NOTES=0 */;

--
-- Table structure for table `authors`
--

DROP TABLE IF EXISTS `authors`;
/*!40101 SET @saved_cs_client     = @@character_set_client */;
/*!40101 SET character_set_client = utf8 */;
CREATE TABLE `authors` (
  `id` int(11) NOT NULL AUTO_INCREMENT,
  `name` varchar(255) NOT NULL,
  PRIMARY KEY (`id`)
) ENGINE=InnoDB AUTO_INCREMENT=2 DEFAULT CHARSET=utf8;
/*!40101 SET character_set_client = @saved_cs_client */;

--
-- Dumping data for table `authors`
--

LOCK TABLES `authors` WRITE;
/*!40000 ALTER TABLE `authors` DISABLE KEYS */;
INSERT INTO `authors` VALUES (1,'test author');
/*!40000 ALTER TABLE `authors` ENABLE KEYS */;
UNLOCK TABLES;

--
-- Table structure for table `authors_books`
--

DROP TABLE IF EXISTS `authors_books`;
/*!40101 SET @saved_cs_client     = @@character_set_client */;
/*!40101 SET character_set_client = utf8 */;
CREATE TABLE `authors_books` (
  `book_id` int(11) NOT NULL,
  `author_id` int(11) NOT NULL
) ENGINE=InnoDB DEFAULT CHARSET=utf8;
/*!40101 SET character_set_client = @saved_cs_client */;

--
-- Dumping data for table `authors_books`
--

LOCK TABLES `authors_books` WRITE;
/*!40000 ALTER TABLE `authors_books` DISABLE KEYS */;
INSERT INTO `authors_books` VALUES (1,1),(2,1),(3,1),(3,1),(3,1),(3,1),(3,1),(3,1),(3,1),(3,1),(3,1),(3,1),(3,1),(3,1),(3,1),(3,1),(3,1),(3,1),(3,1),(3,1),(3,1),(3,1),(3,1),(3,1),(3,1),(3,1),(3,1),(3,1),(3,1),(3,1);
/*!40000 ALTER TABLE `authors_books` ENABLE KEYS */;
UNLOCK TABLES;

--
-- Table structure for table `books`
--

DROP TABLE IF EXISTS `books`;
/*!40101 SET @saved_cs_client     = @@character_set_client */;
/*!40101 SET character_set_client = utf8 */;
CREATE TABLE `books` (
  `id` int(11) NOT NULL AUTO_INCREMENT,
  `title` varchar(255) NOT NULL,
  `price` float DEFAULT NULL,
  PRIMARY KEY (`id`)
) ENGINE=InnoDB AUTO_INCREMENT=4 DEFAULT CHARSET=utf8;
/*!40101 SET character_set_client = @saved_cs_client */;

--
-- Dumping data for table `books`
--

LOCK TABLES `books` WRITE;
/*!40000 ALTER TABLE `books` DISABLE KEYS */;
INSERT INTO `books` VALUES (1,'test book',1.2),(2,'test book 2',NULL),(3,'test book 3',NULL);
/*!40000 ALTER TABLE `books` ENABLE KEYS */;
UNLOCK TABLES;

--
-- Table structure for table `books_theme`
--

DROP TABLE IF EXISTS `books_theme`;
/*!40101 SET @saved_cs_client     = @@character_set_client */;
/*!40101 SET character_set_client = utf8 */;
CREATE TABLE `books_theme` (
  `book_id` int(11) NOT NULL,
  `theme_id` int(11) NOT NULL
) ENGINE=InnoDB DEFAULT CHARSET=utf8;
/*!40101 SET character_set_client = @saved_cs_client */;

--
-- Dumping data for table `books_theme`
--

LOCK TABLES `books_theme` WRITE;
/*!40000 ALTER TABLE `books_theme` DISABLE KEYS */;
INSERT INTO `books_theme` VALUES (1,1),(1,2),(1,3),(2,2),(2,3),(3,1),(3,3),(3,1),(3,1),(3,1),(3,1),(3,1),(3,1),(3,1),(3,1),(3,1),(3,1),(3,1),(3,1),(3,1),(3,1),(3,1),(3,1),(3,1),(3,1),(3,1),(3,1),(3,1),(3,1),(3,1),(3,1),(3,1),(3,1),(3,1);
/*!40000 ALTER TABLE `books_theme` ENABLE KEYS */;
UNLOCK TABLES;

--
-- Table structure for table `categorization`
--

DROP TABLE IF EXISTS `categorization`;
/*!40101 SET @saved_cs_client     = @@character_set_client */;
/*!40101 SET character_set_client = utf8 */;
CREATE TABLE `categorization` (
  `category_id` int(11) NOT NULL,
  `post_id` int(11) NOT NULL
) ENGINE=InnoDB DEFAULT CHARSET=utf8;
/*!40101 SET character_set_client = @saved_cs_client */;

--
-- Dumping data for table `categorization`
--

LOCK TABLES `categorization` WRITE;
/*!40000 ALTER TABLE `categorization` DISABLE KEYS */;
INSERT INTO `categorization` VALUES (1,5),(1,5),(1,8),(1,8),(1,11),(1,11),(1,14),(1,14),(1,17),(1,17),(1,20),(1,20),(1,23),(1,23),(1,26),(1,26),(1,29),(1,29),(1,32),(1,32),(1,35),(1,35),(1,38),(1,38),(1,41),(1,41),(1,44),(1,44),(1,44),(1,44),(1,47),(1,47),(1,50),(1,50),(1,53),(1,53),(1,56),(1,56),(1,59),(1,59),(1,62),(1,62),(1,65),(1,65),(1,68),(1,68),(1,71),(1,71),(1,74),(1,74),(1,77),(1,77),(1,80),(1,80),(1,83),(1,83),(1,86),(1,86),(1,89),(1,89),(1,92),(1,92),(1,95),(1,95),(1,98),(1,98),(1,101),(1,101),(1,104),(1,104),(1,107),(1,107),(1,110),(1,110),(1,113),(1,113),(1,116),(1,116),(1,119),(1,119),(1,122),(1,122),(1,125),(1,125),(1,128),(1,128),(1,131),(1,131),(1,134),(1,134),(1,137),(1,137),(1,140),(1,140),(1,143),(1,143),(1,146),(1,146),(1,149),(1,149),(1,152),(1,152),(1,155),(1,155),(1,158),(1,158),(1,161),(1,161),(1,164),(1,164),(1,167),(1,167),(1,170),(1,170),(1,173),(1,173),(1,176),(1,176),(1,179),(1,179),(1,182),(1,182),(1,185),(1,185),(1,188),(1,188),(1,191),(1,191),(1,194),(1,194);
/*!40000 ALTER TABLE `categorization` ENABLE KEYS */;
UNLOCK TABLES;

--
-- Table structure for table `category`
--

DROP TABLE IF EXISTS `category`;
/*!40101 SET @saved_cs_client     = @@character_set_client */;
/*!40101 SET character_set_client = utf8 */;
CREATE TABLE `category` (
  `id` int(11) NOT NULL AUTO_INCREMENT,
  `title` varchar(30) NOT NULL,
  PRIMARY KEY (`id`)
) ENGINE=InnoDB AUTO_INCREMENT=2 DEFAULT CHARSET=utf8;
/*!40101 SET character_set_client = @saved_cs_client */;

--
-- Dumping data for table `category`
--

LOCK TABLES `category` WRITE;
/*!40000 ALTER TABLE `category` DISABLE KEYS */;
INSERT INTO `category` VALUES (1,'test category');
/*!40000 ALTER TABLE `category` ENABLE KEYS */;
UNLOCK TABLES;

--
-- Table structure for table `post`
--

DROP TABLE IF EXISTS `post`;
/*!40101 SET @saved_cs_client     = @@character_set_client */;
/*!40101 SET character_set_client = utf8 */;
CREATE TABLE `post` (
  `id` int(11) NOT NULL AUTO_INCREMENT,
  `author_id` int(11) DEFAULT NULL,
  `editor_id` int(11) DEFAULT NULL,
  `is_published` int(11) DEFAULT '0',
  `date_published` varchar(30) DEFAULT NULL,
  `post_title` varchar(30) NOT NULL,
  PRIMARY KEY (`id`)
) ENGINE=InnoDB AUTO_INCREMENT=195 DEFAULT CHARSET=utf8;
/*!40101 SET character_set_client = @saved_cs_client */;

--
-- Dumping data for table `post`
--

LOCK TABLES `post` WRITE;
/*!40000 ALTER TABLE `post` DISABLE KEYS */;
INSERT INTO `post` VALUES (5,1,1,1,'2018-05-24 14:24:30','some title'),(6,1,1,NULL,'2018-05-24 14:28:29','New post'),(7,1,1,NULL,'2018-05-24 14:28:29','New post'),(8,1,1,1,'2018-05-24 14:28:29','some title'),(9,1,1,NULL,'2018-05-24 14:30:44','New post'),(10,1,1,NULL,'2018-05-24 14:30:44','New post'),(11,1,1,1,'2018-05-24 14:30:44','some title'),(12,1,1,NULL,'2018-05-24 14:30:45','New post'),(13,1,1,NULL,'2018-05-24 14:30:45','New post'),(14,1,1,1,'2018-05-24 14:30:45','some title'),(15,1,1,NULL,'2018-05-24 14:30:46','New post'),(16,1,1,NULL,'2018-05-24 14:30:46','New post'),(17,1,1,1,'2018-05-24 14:30:46','some title'),(18,1,1,NULL,'2018-05-24 14:30:46','New post'),(19,1,1,NULL,'2018-05-24 14:30:46','New post'),(20,1,1,1,'2018-05-24 14:30:46','some title'),(21,1,1,NULL,'2018-05-24 14:30:47','New post'),(22,1,1,NULL,'2018-05-24 14:30:47','New post'),(23,1,1,1,'2018-05-24 14:30:47','some title'),(24,1,1,NULL,'2018-05-24 14:30:47','New post'),(25,1,1,NULL,'2018-05-24 14:30:47','New post'),(26,1,1,1,'2018-05-24 14:30:47','some title'),(27,1,1,NULL,'2018-05-24 14:38:11','New post'),(28,1,1,NULL,'2018-05-24 14:38:11','New post'),(29,1,1,1,'2018-05-24 14:38:11','some title'),(30,1,1,NULL,'2018-05-24 14:41:44','New post'),(31,1,1,NULL,'2018-05-24 14:41:44','New post'),(32,1,1,1,'2018-05-24 14:41:44','some title'),(33,1,1,NULL,'2018-05-24 14:42:38','New post'),(34,1,1,NULL,'2018-05-24 14:42:38','New post'),(35,1,1,1,'2018-05-24 14:42:38','some title'),(36,1,1,NULL,'2018-05-24 14:55:20','New post'),(37,1,1,NULL,'2018-05-24 14:55:20','New post'),(38,1,1,1,'2018-05-24 14:55:20','some title'),(39,1,1,NULL,'2018-05-24 14:55:22','New post'),(40,1,1,NULL,'2018-05-24 14:55:22','New post'),(41,1,1,1,'2018-05-24 14:55:22','some title'),(42,1,1,0,'2018-05-25 11:09:29','New post'),(43,1,1,0,'2018-05-25 11:09:29','New post'),(44,1,1,1,'2018-05-25 11:09:29','some title'),(45,1,1,0,'2018-05-25 14:09:51','New post'),(46,1,1,0,'2018-05-25 14:09:51','New post'),(47,1,1,1,'2018-05-25 14:09:51','some title'),(48,1,1,0,'2018-05-25 14:09:53','New post'),(49,1,1,0,'2018-05-25 14:09:53','New post'),(50,1,1,1,'2018-05-25 14:09:53','some title'),(51,1,1,0,'2018-05-25 14:20:15','New post'),(52,1,1,0,'2018-05-25 14:20:15','New post'),(53,1,1,1,'2018-05-25 14:20:15','some title'),(54,1,1,0,'2018-05-25 14:20:16','New post'),(55,1,1,0,'2018-05-25 14:20:16','New post'),(56,1,1,1,'2018-05-25 14:20:16','some title'),(57,1,1,0,'2018-05-25 14:33:05','New post'),(58,1,1,0,'2018-05-25 14:33:05','New post'),(59,1,1,1,'2018-05-25 14:33:05','some title'),(60,1,1,0,'2018-05-25 14:33:22','New post'),(61,1,1,0,'2018-05-25 14:33:22','New post'),(62,1,1,1,'2018-05-25 14:33:22','some title'),(63,1,1,0,'2018-05-25 14:33:23','New post'),(64,1,1,0,'2018-05-25 14:33:23','New post'),(65,1,1,1,'2018-05-25 14:33:23','some title'),(66,1,1,0,'2018-05-25 14:36:05','New post'),(67,1,1,0,'2018-05-25 14:36:05','New post'),(68,1,1,1,'2018-05-25 14:36:05','some title'),(69,1,1,0,'2018-05-25 14:36:06','New post'),(70,1,1,0,'2018-05-25 14:36:06','New post'),(71,1,1,1,'2018-05-25 14:36:06','some title'),(72,1,1,0,'2018-05-28 12:20:11','New post'),(73,1,1,0,'2018-05-28 12:20:11','New post'),(74,1,1,1,'2018-05-28 12:20:11','some title'),(75,1,1,0,'2018-05-28 14:09:04','New post'),(76,1,1,0,'2018-05-28 14:09:04','New post'),(77,1,1,1,'2018-05-28 14:09:04','some title'),(78,1,1,0,'2018-05-28 14:09:07','New post'),(79,1,1,0,'2018-05-28 14:09:07','New post'),(80,1,1,1,'2018-05-28 14:09:07','some title'),(81,1,1,0,'2018-05-28 14:09:09','New post'),(82,1,1,0,'2018-05-28 14:09:10','New post'),(83,1,1,1,'2018-05-28 14:09:10','some title'),(84,1,1,0,'2018-05-28 14:09:10','New post'),(85,1,1,0,'2018-05-28 14:09:10','New post'),(86,1,1,1,'2018-05-28 14:09:10','some title'),(87,1,1,0,'2018-05-28 14:09:11','New post'),(88,1,1,0,'2018-05-28 14:09:11','New post'),(89,1,1,1,'2018-05-28 14:09:11','some title'),(90,1,1,0,'2018-05-29 18:02:43','New post'),(91,1,1,0,'2018-05-29 18:02:43','New post'),(92,1,1,1,'2018-05-29 18:02:43','some title'),(93,1,1,0,'2018-05-29 18:02:46','New post'),(94,1,1,0,'2018-05-29 18:02:46','New post'),(95,1,1,1,'2018-05-29 18:02:46','some title'),(96,1,1,0,'2018-05-29 18:02:47','New post'),(97,1,1,0,'2018-05-29 18:02:47','New post'),(98,1,1,1,'2018-05-29 18:02:47','some title'),(99,1,1,0,'2018-05-30 08:35:05','New post'),(100,1,1,0,'2018-05-30 08:35:05','New post'),(101,1,1,1,'2018-05-30 08:35:05','some title'),(102,1,1,0,'2018-05-30 08:35:10','New post'),(103,1,1,0,'2018-05-30 08:35:10','New post'),(104,1,1,1,'2018-05-30 08:35:10','some title'),(105,1,1,0,'2018-05-30 08:36:53','New post'),(106,1,1,0,'2018-05-30 08:36:53','New post'),(107,1,1,1,'2018-05-30 08:36:53','some title'),(108,1,1,0,'2018-05-30 08:36:54','New post'),(109,1,1,0,'2018-05-30 08:36:54','New post'),(110,1,1,1,'2018-05-30 08:36:54','some title'),(111,1,1,0,'2018-05-30 08:36:55','New post'),(112,1,1,0,'2018-05-30 08:36:55','New post'),(113,1,1,1,'2018-05-30 08:36:55','some title'),(114,1,1,0,'2018-05-30 08:36:56','New post'),(115,1,1,0,'2018-05-30 08:36:56','New post'),(116,1,1,1,'2018-05-30 08:36:56','some title'),(117,1,1,0,'2018-05-30 08:38:14','New post'),(118,1,1,0,'2018-05-30 08:38:14','New post'),(119,1,1,1,'2018-05-30 08:38:14','some title'),(120,1,1,0,'2018-05-30 08:38:15','New post'),(121,1,1,0,'2018-05-30 08:38:15','New post'),(122,1,1,1,'2018-05-30 08:38:15','some title'),(123,1,1,0,'2018-05-30 08:38:17','New post'),(124,1,1,0,'2018-05-30 08:38:17','New post'),(125,1,1,1,'2018-05-30 08:38:17','some title'),(126,1,1,0,'2018-05-30 08:39:39','New post'),(127,1,1,0,'2018-05-30 08:39:39','New post'),(128,1,1,1,'2018-05-30 08:39:39','some title'),(129,1,1,0,'2018-05-30 08:40:18','New post'),(130,1,1,0,'2018-05-30 08:40:18','New post'),(131,1,1,1,'2018-05-30 08:40:18','some title'),(132,1,1,0,'2018-06-01 10:16:23','New post'),(133,1,1,0,'2018-06-01 10:16:23','New post'),(134,1,1,1,'2018-06-01 10:16:23','some title'),(135,1,1,0,'2018-06-01 10:16:43','New post'),(136,1,1,0,'2018-06-01 10:16:43','New post'),(137,1,1,1,'2018-06-01 10:16:43','some title'),(138,1,1,0,'2018-06-01 10:20:52','New post'),(139,1,1,0,'2018-06-01 10:20:52','New post'),(140,1,1,1,'2018-06-01 10:20:52','some title'),(141,1,1,0,'2018-06-01 10:21:04','New post'),(142,1,1,0,'2018-06-01 10:21:04','New post'),(143,1,1,1,'2018-06-01 10:21:04','some title'),(144,1,1,0,'2018-06-01 10:24:20','New post'),(145,1,1,0,'2018-06-01 10:24:20','New post'),(146,1,1,1,'2018-06-01 10:24:20','some title'),(147,1,1,0,'2018-06-01 10:27:36','New post'),(148,1,1,0,'2018-06-01 10:27:36','New post'),(149,1,1,1,'2018-06-01 10:27:36','some title'),(150,1,1,0,'2018-06-01 10:27:38','New post'),(151,1,1,0,'2018-06-01 10:27:38','New post'),(152,1,1,1,'2018-06-01 10:27:38','some title'),(153,1,1,0,'2018-06-01 10:29:35','New post'),(154,1,1,0,'2018-06-01 10:29:35','New post'),(155,1,1,1,'2018-06-01 10:29:35','some title'),(156,1,1,0,'2018-06-01 11:40:37','New post'),(157,1,1,0,'2018-06-01 11:40:37','New post'),(158,1,1,1,'2018-06-01 11:40:38','some title'),(159,1,1,0,'2018-06-01 11:40:42','New post'),(160,1,1,0,'2018-06-01 11:40:42','New post'),(161,1,1,1,'2018-06-01 11:40:42','some title'),(162,1,1,0,'2018-06-01 12:00:55','New post'),(163,1,1,0,'2018-06-01 12:00:55','New post'),(164,1,1,1,'2018-06-01 12:00:55','some title'),(165,1,1,0,'2018-06-01 12:05:13','New post'),(166,1,1,0,'2018-06-01 12:05:13','New post'),(167,1,1,1,'2018-06-01 12:05:13','some title'),(168,1,1,0,'2018-06-01 12:19:03','New post'),(169,1,1,0,'2018-06-01 12:19:03','New post'),(170,1,1,1,'2018-06-01 12:19:03','some title'),(171,1,1,0,'2018-06-01 12:20:12','New post'),(172,1,1,0,'2018-06-01 12:20:12','New post'),(173,1,1,1,'2018-06-01 12:20:12','some title'),(174,1,1,0,'2018-06-01 12:22:09','New post'),(175,1,1,0,'2018-06-01 12:22:09','New post'),(176,1,1,1,'2018-06-01 12:22:09','some title'),(177,1,1,0,'2018-06-01 12:29:30','New post'),(178,1,1,0,'2018-06-01 12:29:30','New post'),(179,1,1,1,'2018-06-01 12:29:30','some title'),(180,1,1,0,'2018-06-01 12:29:33','New post'),(181,1,1,0,'2018-06-01 12:29:33','New post'),(182,1,1,1,'2018-06-01 12:29:33','some title'),(183,1,1,0,'2018-06-01 12:58:49','New post'),(184,1,1,0,'2018-06-01 12:58:49','New post'),(185,1,1,1,'2018-06-01 12:58:49','some title'),(186,1,1,0,'2018-06-01 12:59:53','New post'),(187,1,1,0,'2018-06-01 12:59:53','New post'),(188,1,1,1,'2018-06-01 12:59:53','some title'),(189,1,1,0,'2018-06-01 13:00:36','New post'),(190,1,1,0,'2018-06-01 13:00:36','New post'),(191,1,1,1,'2018-06-01 13:00:36','some title'),(192,1,1,0,'2018-06-01 13:02:50','New post'),(193,1,1,0,'2018-06-01 13:02:50','New post'),(194,1,1,1,'2018-06-01 13:02:50','some title');
/*!40000 ALTER TABLE `post` ENABLE KEYS */;
UNLOCK TABLES;

--
-- Table structure for table `theme`
--

DROP TABLE IF EXISTS `theme`;
/*!40101 SET @saved_cs_client     = @@character_set_client */;
/*!40101 SET character_set_client = utf8 */;
CREATE TABLE `theme` (
  `id` int(11) NOT NULL AUTO_INCREMENT,
  `title` varchar(255) NOT NULL,
  PRIMARY KEY (`id`)
) ENGINE=InnoDB AUTO_INCREMENT=4 DEFAULT CHARSET=utf8;
/*!40101 SET character_set_client = @saved_cs_client */;

--
-- Dumping data for table `theme`
--

LOCK TABLES `theme` WRITE;
/*!40000 ALTER TABLE `theme` DISABLE KEYS */;
INSERT INTO `theme` VALUES (1,'test theme'),(2,'test theme 2'),(3,'test theme 3');
/*!40000 ALTER TABLE `theme` ENABLE KEYS */;
UNLOCK TABLES;

--
-- Table structure for table `user_profile`
--

DROP TABLE IF EXISTS `user_profile`;
/*!40101 SET @saved_cs_client     = @@character_set_client */;
/*!40101 SET character_set_client = utf8 */;
CREATE TABLE `user_profile` (
  `id` int(11) NOT NULL AUTO_INCREMENT,
  `user_id` int(11) NOT NULL,
  `first_name` varchar(255) NOT NULL,
  `last_name` varchar(255) NOT NULL,
  PRIMARY KEY (`id`)
) ENGINE=InnoDB AUTO_INCREMENT=60 DEFAULT CHARSET=utf8;
/*!40101 SET character_set_client = @saved_cs_client */;

--
-- Dumping data for table `user_profile`
--

LOCK TABLES `user_profile` WRITE;
/*!40000 ALTER TABLE `user_profile` DISABLE KEYS */;
INSERT INTO `user_profile` VALUES (1,1,'test','test'),(2,1,'test','test'),(3,1,'test','test'),(4,1,'test','test'),(5,1,'test','test'),(6,1,'test','test'),(7,1,'test','test'),(8,1,'test','test'),(9,1,'test','test'),(10,1,'test','test'),(11,1,'test','test'),(12,1,'test','test'),(13,1,'test','test'),(14,1,'test','test'),(15,1,'test','test'),(16,1,'test','test'),(17,1,'test','test'),(18,1,'test','test'),(19,1,'test','test'),(20,1,'test','test'),(21,1,'test','test'),(22,1,'test','test'),(23,1,'test','test'),(24,1,'test','test'),(25,1,'test','test'),(26,1,'test','test'),(27,1,'test','test'),(28,1,'test','test'),(29,1,'test','test'),(30,1,'test','test'),(31,1,'test','test'),(32,1,'test','test'),(33,1,'test','test'),(34,1,'test','test'),(35,1,'test','test'),(36,1,'test','test'),(37,1,'test','test'),(38,1,'test','test'),(39,1,'test','test'),(40,1,'test','test'),(41,1,'test','test'),(42,1,'test','test'),(43,1,'test','test'),(44,1,'test','test'),(45,1,'test','test'),(46,1,'test','test'),(47,1,'test','test'),(48,1,'test','test'),(49,1,'test','test'),(50,1,'test','test'),(51,1,'test','test'),(52,1,'test','test'),(53,1,'test','test'),(54,1,'test','test'),(55,1,'test','test'),(56,1,'test','test'),(57,1,'test','test'),(58,1,'test','test'),(59,1,'test','test');
/*!40000 ALTER TABLE `user_profile` ENABLE KEYS */;
UNLOCK TABLES;

--
-- Table structure for table `users`
--

DROP TABLE IF EXISTS `users`;
/*!40101 SET @saved_cs_client     = @@character_set_client */;
/*!40101 SET character_set_client = utf8 */;
CREATE TABLE `users` (
  `id` int(11) NOT NULL AUTO_INCREMENT,
  `name` varchar(30) NOT NULL,
  `profile_id` int(11) DEFAULT NULL,
  PRIMARY KEY (`id`)
) ENGINE=InnoDB AUTO_INCREMENT=67 DEFAULT CHARSET=utf8;
/*!40101 SET character_set_client = @saved_cs_client */;

--
-- Dumping data for table `users`
--

LOCK TABLES `users` WRITE;
/*!40000 ALTER TABLE `users` DISABLE KEYS */;
INSERT INTO `users` VALUES (1,'New name',1),(2,'New name',NULL),(3,'New name',NULL),(4,'New name',NULL),(5,'New name',NULL),(6,'New name',NULL),(7,'New name',NULL),(8,'New name',NULL),(9,'New name',NULL),(10,'New name',NULL),(11,'New name',NULL),(12,'New name',NULL),(13,'New name',NULL),(14,'New name',NULL),(15,'New name',NULL),(16,'New name',NULL),(17,'New name',NULL),(18,'New name',NULL),(19,'New name',NULL),(20,'New name',NULL),(21,'New name',NULL),(22,'New name',NULL),(23,'New name',NULL),(24,'New name',NULL),(25,'New name',NULL),(26,'New name',NULL),(27,'New name',NULL),(28,'New name',NULL),(29,'New name',NULL),(30,'New name',NULL),(31,'New name',NULL),(32,'New name',NULL),(33,'New name',NULL),(34,'New name',NULL),(35,'New name',NULL),(36,'New name',NULL),(37,'New name',NULL),(38,'New name',NULL),(39,'New name',NULL),(40,'New name',NULL),(41,'New name',NULL),(42,'New name',NULL),(43,'New name',NULL),(44,'New name',NULL),(45,'New name',NULL),(46,'New name',NULL),(47,'New name',NULL),(48,'New name',NULL),(49,'New name',NULL),(50,'New name',NULL),(51,'New name',NULL),(52,'New name',NULL),(53,'New name',NULL),(54,'New name',NULL),(55,'New name',NULL),(56,'New name',NULL),(57,'New name',NULL),(58,'New name',NULL),(59,'New name',NULL),(60,'New name',NULL),(61,'New name',NULL),(62,'New name',NULL),(63,'New name',NULL),(64,'New name',NULL),(65,'New name',NULL),(66,'New name',NULL);
/*!40000 ALTER TABLE `users` ENABLE KEYS */;
UNLOCK TABLES;
/*!40103 SET TIME_ZONE=@OLD_TIME_ZONE */;

/*!40101 SET SQL_MODE=@OLD_SQL_MODE */;
/*!40014 SET FOREIGN_KEY_CHECKS=@OLD_FOREIGN_KEY_CHECKS */;
/*!40014 SET UNIQUE_CHECKS=@OLD_UNIQUE_CHECKS */;
/*!40101 SET CHARACTER_SET_CLIENT=@OLD_CHARACTER_SET_CLIENT */;
/*!40101 SET CHARACTER_SET_RESULTS=@OLD_CHARACTER_SET_RESULTS */;
/*!40101 SET COLLATION_CONNECTION=@OLD_COLLATION_CONNECTION */;
/*!40111 SET SQL_NOTES=@OLD_SQL_NOTES */;

-- Dump completed on 2018-06-01 16:11:39
